movie,genre,gross,tickets_sold
Avengers: Endgame,Action,"$858,373,000 ","93,708,843"
The Lion King,Adventure,"$543,638,043 ","59,349,131"
Frozen II,Adventure,"$450,439,533 ","49,174,621"
Toy Story 4,Adventure,"$434,038,008 ","47,384,062"
Captain Marvel,Action,"$426,829,839 ","46,597,144"
Star Wars: The Rise of Skyw...,Adventure,"$390,706,234 ","42,653,519"
Spider-Man: Far From Home,Action,"$390,532,085 ","42,634,507"
Aladdin,Adventure,"$355,559,216 ","38,816,508"
Joker,Thriller/Suspense,"$333,772,511 ","36,438,047"
It: Chapter Two,Horror,"$211,593,228 ","23,099,697"
Jumanji: The Next Level,Adventure,"$192,094,536 ","20,971,019"
Us,Thriller/Suspense,"$175,084,580 ","19,114,037"
Fast & Furious Presents: Ho...,Action,"$173,956,935 ","18,990,932"
John Wick: Chapter 3 - Para...,Action,"$171,015,687 ","18,669,834"
How to Train Your Dragon: T...,Adventure,"$160,799,505 ","17,554,531"
The Secret Life of Pets 2,Adventure,"$158,874,395 ","17,344,366"
Pokémon: Detective Pikachu,Adventure,"$144,105,346 ","15,732,025"
Once Upon a Time...in Hollywo...,Thriller/Suspense,"$141,096,530 ","15,403,551"
Shazam!,Action,"$140,371,656 ","15,324,417"
Aquaman,Action,"$136,001,983 ","14,847,378"
Knives Out,Drama,"$130,119,450 ","14,205,180"
Dumbo,Adventure,"$114,766,307 ","12,529,073"
Maleficent: Mistress of Evil,Adventure,"$113,294,737 ","12,368,421"
Glass,Thriller/Suspense,"$111,048,468 ","12,123,195"
Godzilla: King of the Monsters,Action,"$110,500,138 ","12,063,334"
Ford v. Ferrari,Drama,"$109,976,339 ","12,006,150"
The Upside,Comedy,"$108,235,497 ","11,816,102"
The LEGO Movie 2: The Secon...,Adventure,"$105,806,508 ","11,550,929"
Hustlers,Drama,"$104,962,986 ","11,458,841"
The Addams Family,Adventure,"$97,185,807 ","10,609,804"
Downton Abbey,Drama,"$96,853,865 ","10,573,566"
Rocketman,Drama,"$96,368,160 ","10,520,541"
Alita: Battle Angel,Action,"$85,710,210 ","9,357,009"
Good Boys,Comedy,"$83,140,306 ","9,076,453"
Men in Black: International,Adventure,"$80,001,807 ","8,733,821"
Annabelle Comes Home,Horror,"$74,152,591 ","8,095,261"
Yesterday,Romantic Comedy,"$73,286,650 ","8,000,726"
Tyler Perry's A Madea Famil...,Comedy,"$73,257,045 ","7,997,493"
Zombieland: Double Tap,Comedy,"$73,027,571 ","7,972,442"
Little Women,Drama,"$70,502,828 ","7,696,815"
Angel Has Fallen,Thriller/Suspense,"$69,030,436 ","7,536,073"
Scary Stories to Tell in th...,Horror,"$68,947,075 ","7,526,973"
Dark Phoenix,Action,"$65,845,974 ","7,188,425"
Terminator: Dark Fate,Action,"$62,253,077 ","6,796,187"
Abominable,Adventure,"$60,679,265 ","6,624,374"
Dora and the Lost City of Gold,Adventure,"$60,477,943 ","6,602,395"
A Beautiful Day in the Neig...,Drama,"$58,801,961 ","6,419,428"
Midway,Action,"$56,547,282 ","6,173,284"
Spider-Man: Into The Spider...,Adventure,"$56,194,964 ","6,134,821"
Bumblebee,Adventure,"$55,769,470 ","6,088,370"
The Curse of La Llorona,Horror,"$54,733,739 ","5,975,299"
Pet Sematary,Horror,"$54,724,696 ","5,974,311"
What Men Want,Romantic Comedy,"$54,611,903 ","5,961,998"
Green Book,Comedy,"$52,927,165 ","5,778,075"
Ad Astra,Thriller/Suspense,"$50,188,370 ","5,479,079"
Isn't it Romantic,Romantic Comedy,"$48,791,187 ","5,326,549"
Gemini Man,Action,"$48,546,770 ","5,299,865"
Spies in Disguise,Adventure,"$47,042,421 ","5,135,635"
MA,Horror,"$45,896,028 ","5,010,483"
Five Feet Apart,Drama,"$45,729,221 ","4,992,273"
Wonder Park,Adventure,"$45,216,793 ","4,936,331"
Rambo: Last Blood,Action,"$44,819,352 ","4,892,942"
Playing with Fire,Comedy,"$44,406,890 ","4,847,913"
Harriet,Drama,"$42,547,700 ","4,644,945"
A Dog's Way Home,Drama,"$41,952,715 ","4,579,990"
The Angry Birds Movie 2,Adventure,"$41,657,076 ","4,547,715"
Little,Comedy,"$40,860,481 ","4,460,751"
Queen & Slim,Drama,"$40,718,945 ","4,445,300"
Breakthrough,Drama,"$40,713,082 ","4,444,659"
The Mule,Drama,"$39,084,073 ","4,266,820"
Crawl,Horror,"$39,014,193 ","4,259,191"
Escape Room,Horror,"$38,762,584 ","4,231,723"
Uncut Gems,Thriller/Suspense,"$36,556,384 ","3,990,871"
The Hustle,Comedy,"$35,417,038 ","3,866,488"
The Intruder,Thriller/Suspense,"$35,388,976 ","3,863,425"
Last Christmas,Romantic Comedy,"$35,116,450 ","3,833,674"
Overcomer,Drama,"$34,700,142 ","3,788,225"
Mary Poppins Returns,Musical,"$33,141,176 ","3,618,032"
Cold Pursuit,Thriller/Suspense,"$32,138,862 ","3,508,609"
Doctor Sleep,Horror,"$31,543,097 ","3,443,570"
Dragon Ball Super: Broly,Action,"$30,376,755 ","3,316,239"
Long Shot,Romantic Comedy,"$30,316,271 ","3,309,636"
Child's Play,Horror,"$29,208,403 ","3,188,690"
Ready or Not,Black Comedy,"$28,714,231 ","3,134,741"
21 Bridges,Thriller/Suspense,"$28,265,017 ","3,085,700"
Happy Death Day 2U,Thriller/Suspense,"$28,148,130 ","3,072,940"
Midsommar,Horror,"$27,426,363 ","2,994,144"
Bohemian Rhapsody,Drama,"$26,490,206 ","2,891,943"
The Art of Racing in the Rain,Drama,"$26,402,818 ","2,882,403"
Countdown,Horror,"$25,617,813 ","2,796,704"
Bombshell,Drama,"$24,589,972 ","2,684,494"
Judy,Drama,"$24,027,755 ","2,623,117"
Parasite,Black Comedy,"$23,850,889 ","2,603,808"
Fighting With My Family,Comedy,"$22,958,583 ","2,506,395"
On the Basis of Sex,Drama,"$22,946,065 ","2,505,029"
A Dog's Journey,Drama,"$22,782,371 ","2,487,158"
Booksmart,Comedy,"$22,680,962 ","2,476,087"
Stuber,Comedy,"$22,370,452 ","2,442,189"
47 Meters Down: Uncaged,Thriller/Suspense,"$22,260,900 ","2,430,229"
Black and Blue,Action,"$22,012,729 ","2,403,136"
Hellboy,Horror,"$21,903,748 ","2,391,238"
Jojo Rabbit,Black Comedy,"$21,579,550 ","2,355,846"
Shaft,Comedy,"$21,360,215 ","2,331,901"
The Peanut Butter Falcon,Adventure,"$20,457,158 ","2,233,314"
UglyDolls,Adventure,"$20,150,241 ","2,199,807"
Cats,Musical,"$19,970,095 ","2,180,141"
Unplanned,Drama,"$19,005,109 ","2,074,793"
The Favourite,Black Comedy,"$18,478,318 ","2,017,283"
Vice,Black Comedy,"$18,108,785 ","1,976,941"
Richard Jewell,Drama,"$17,822,217 ","1,945,657"
Charlie's Angels,Action,"$17,790,181 ","1,942,159"
The Farewell,Drama,"$17,700,478 ","1,932,366"
BrightBurn,Horror,"$17,259,427 ","1,884,216"
The Good Liar,Thriller/Suspense,"$16,973,279 ","1,852,978"
The Kid Who Would Be King,Adventure,"$16,790,790 ","1,833,055"
Missing Link,Adventure,"$16,649,539 ","1,817,635"
Late Night,Comedy,"$15,500,045 ","1,692,144"
Miss Bala,Action,"$14,998,027 ","1,637,339"
The Prodigy,Horror,"$14,856,291 ","1,621,865"
A Star is Born,Drama,"$14,130,981 ","1,542,684"
Ralph Breaks The Internet,Adventure,"$13,939,018 ","1,521,726"
Poms,Comedy,"$13,631,124 ","1,488,113"
They Shall Not Grow Old,Documentary,"$12,253,074 ","1,337,672"
The Kitchen,Drama,"$12,180,032 ","1,329,698"
After,Drama,"$12,138,565 ","1,325,170"
Blinded by the Light,Drama,"$11,901,145 ","1,299,252"
The Grudge,Horror,"$11,404,113 ","1,244,990"
The Lighthouse,Horror,"$10,809,320 ","1,180,056"
Dark Waters,Drama,"$10,633,879 ","1,160,904"
Greta,Thriller/Suspense,"$10,544,310 ","1,151,126"
If Beale Street Could Talk,Drama,"$10,506,525 ","1,147,000"
The Best of Enemies,Drama,"$10,205,616 ","1,114,150"
Black Christmas,Horror,"$9,867,670 ","1,077,257"
Hotel Mumbai,Thriller/Suspense,"$9,619,500 ","1,050,163"
Motherless Brooklyn,Drama,"$9,277,736 ","1,012,853"
No Manches Frida 2,Comedy,"$9,270,920 ","1,012,109"
Where'd You Go Bernadette,Comedy,"$9,198,356 ","1,004,187"
Apollo 11,Documentary,"$9,040,224 ","986,924"
Serenity,Thriller/Suspense,"$8,547,045 ","933,083"
Anna,Action,"$7,743,794 ","845,392"
Penguins,Documentary,"$7,699,452 ","840,552"
Brittany Runs a Marathon,Drama,"$7,136,342 ","779,076"
The Dead Don't Die,Horror,"$6,782,066 ","740,400"
Mary Queen of Scots,Drama,"$6,742,269 ","736,056"
Jexi,Comedy,"$6,546,159 ","714,646"
Second Act,Comedy,"$6,489,861 ","708,500"
Run the Race,Drama,"$6,424,420 ","701,355"
Free Solo,Documentary,"$6,093,902 ","665,273"
The Current War: Director's...,Drama,"$5,978,673 ","652,693"
Captive State,Thriller/Suspense,"$5,958,315 ","650,471"
The Wandering Earth,Action,"$5,875,487 ","641,428"
Arctic Dogs,Adventure,"$5,801,249 ","633,324"
Gloria Bell,Drama,"$5,611,123 ","612,568"
The Mustang,Drama,"$5,336,840 ","582,624"
The Goldfinch,Drama,"$5,332,621 ","582,164"
Stan & Ollie,Drama,"$5,235,893 ","571,604"
Don't Let Go,Thriller/Suspense,"$5,215,062 ","569,330"
The Sun is Also a Star,Drama,"$4,950,029 ","540,396"
Bring the Soul: The Movie,Documentary,"$4,809,800 ","525,087"
Pavarotti,Documentary,"$4,686,402 ","511,615"
Tolkien,Drama,"$4,535,154 ","495,104"
The Last Black Man in San F...,Drama,"$4,515,719 ","492,982"
Amazing Grace,Documentary,"$4,450,454 ","485,857"
Brian Banks,Drama,"$4,376,820 ","477,818"
The Biggest Little Farm,Documentary,"$4,367,816 ","476,835"
Dr. Seuss' The Grinch,Adventure,"$4,340,540 ","473,858"
Cold War,Drama,"$4,307,930 ","470,298"
Linda Ronstadt: The Sound o...,Documentary,"$4,244,894 ","463,416"
Gully Boy,Adventure,"$4,216,437 ","460,309"
Uri: The Surgical Strike,Action,"$4,185,663 ","456,950"
Replicas,Thriller/Suspense,"$4,046,429 ","441,749"
Pain & Glory,Drama,"$3,967,719 ","433,157"
Ne Zha,Adventure,"$3,695,533 ","403,442"
Mission Mangal,Drama,"$3,660,413 ","399,608"
War,Action,"$3,640,355 ","397,418"
2019 Oscar Shorts,Multiple Genres,"$3,531,093 ","385,490"
The Beach Bum,Comedy,"$3,502,600 ","382,379"
Echo in the Canyon,Documentary,"$3,355,266 ","366,295"
Jay and Silent Bob Reboot,Comedy,"$3,258,824 ","355,766"
Maiden,Documentary,"$3,162,490 ","345,250"
Honey Boy,Drama,"$2,980,099 ","325,338"
Friends 25th: The One With ...,Comedy,"$2,884,827 ","314,937"
IP Man: The Finale,Action,"$2,866,676 ","312,955"
Fantastic Beasts: The Crime...,Adventure,"$2,774,042 ","302,843"
Kalank,Drama,"$2,729,336 ","297,962"
Bharat,Action,"$2,684,911 ","293,112"
Everybody Knows,Drama,"$2,677,805 ","292,337"
Tod@s Caen,Romantic Comedy,"$2,670,925 ","291,585"
Saaho,Action,"$2,626,284 ","286,712"
Instant Family,Comedy,"$2,518,231 ","274,916"
The Art of Self-Defense,Comedy,"$2,410,914 ","263,200"
Arctic,Drama,"$2,409,826 ","263,081"
Welcome to Marwen,Drama,"$2,405,625 ","262,623"
"My People, My Country",Drama,"$2,323,409 ","253,647"
Promare,Adventure,"$2,290,542 ","250,059"
Super 30,Drama,"$2,269,878 ","247,803"
Holmes & Watson,Comedy,"$2,254,994 ","246,178"
The Fall of the American Em...,Comedy,"$2,178,148 ","237,789"
Total Dhamaal,Comedy,"$2,167,632 ","236,641"
Housefull 4,Romantic Comedy,"$2,109,160 ","230,257"
The Matrix,Action,"$2,013,136 ","219,775"
Luce,Thriller/Suspense,"$2,010,613 ","219,499"
Chhichhore,Comedy,"$2,004,400 ","218,820"
Official Secrets,Thriller/Suspense,"$1,996,766 ","217,987"
Better Days,Drama,"$1,921,657 ","209,787"
Badla,Thriller/Suspense,"$1,861,000 ","203,165"
The White Crow,Drama,"$1,827,604 ","199,520"
Pandas,Documentary,"$1,816,106 ","198,265"
The Other Side of Heaven 2:...,Drama,"$1,807,116 ","197,283"
Shoplifters,Drama,"$1,666,708 ","181,955"
Wild Rose,Drama,"$1,635,118 ","178,506"
Waves,Musical,"$1,626,272 ","177,540"
The Aftermath,Drama,"$1,618,497 ","176,691"
Western Stars,Documentary,"$1,581,681 ","172,673"
Red Joan,Drama,"$1,580,223 ","172,513"
After the Wedding,Drama,"$1,573,276 ","171,755"
Extreme Job,Action,"$1,565,885 ","170,948"
The Kid,Western,"$1,508,593 ","164,693"
Capernaum,Drama,"$1,488,318 ","162,480"
Fantastic Fungi,Documentary,"$1,444,604 ","157,707"
The Wife,Drama,"$1,393,052 ","152,079"
National Lampoon's Christma...,Comedy,"$1,385,620 ","151,269"
It,Horror,"$1,347,126 ","147,066"
1917,Thriller/Suspense,"$1,326,178 ","144,779"
Never Look Away,Thriller/Suspense,"$1,303,747 ","142,330"
Destroyer,Thriller/Suspense,"$1,285,243 ","140,310"
A Hidden Life,Drama,"$1,274,329 ","139,118"
Can You Ever Forgive Me?,Drama,"$1,259,896 ","137,543"
No Safe Spaces,Documentary,"$1,240,211 ","135,394"
High Life,Horror,"$1,225,852 ","133,826"
All is True,Drama,"$1,199,066 ","130,902"
Ben is Back,Drama,"$1,191,342 ","130,059"
Ek Ladki Ko Dekah Toh Aisa ...,Romantic Comedy,"$1,182,636 ","129,108"
PLAYMOBIL,Adventure,"$1,113,885 ","121,603"
Mortal Engines,Action,"$1,056,865 ","115,378"
The Souvenir,Drama,"$1,030,502 ","112,500"
Perfect Strangers,Comedy,"$1,014,507 ","110,754"
Marianne & Leonard: Words o...,Documentary,"$1,013,820 ","110,679"
Simmba,Action,"$986,339 ","107,678"
RUSH: Cinema Strangiato 2019,Concert/Perfor...,"$958,907 ","104,684"
The Fighting Preacher,Drama,"$955,781 ","104,342"
Metallica & San Francisco S...,Concert/Perfor...,"$907,163 ","99,035"
Toni Morrison: The Pieces I Am,Documentary,"$903,018 ","98,582"
The Goonies,Adventure,"$864,378 ","94,364"
Jesus is King,Musical,"$850,000 ","92,794"
Woman at War,Action,"$847,495 ","92,521"
The Polar Express,Adventure,"$818,250 ","89,329"
Like Arrows,Drama,"$817,990 ","89,300"
Climax,Drama,"$817,339 ","89,229"
Transit,Drama,"$815,290 ","89,005"
Between Me and My Mind,Documentary,"$813,844 ","88,847"
Elf,Comedy,"$786,249 ","85,835"
Student of the Year 2,Romantic Comedy,"$778,566 ","84,996"
The Church,Horror,"$771,645 ","84,240"
JONI 75: A Birthday Celebra...,Concert/Perfor...,"$752,205 ","82,118"
BlacKkKlansman,Black Comedy,"$747,775 ","81,635"
David Crosby: Remember My Name,Documentary,"$732,515 ","79,968"
Bennett's War,Drama,"$725,042 ","79,153"
More Than Blue,Drama,"$722,669 ","78,893"
Thank You For Everything,Comedy,"$718,321 ","78,419"
Honeyland,Documentary,"$712,363 ","77,768"
The Captain,Drama,"$706,572 ","77,136"
Non-Fiction,Comedy,"$704,919 ","76,956"
Where's My Roy Cohn?,Documentary,"$704,780 ","76,941"
Depeche Mode: Spirits in th...,Concert/Perfor...,"$704,744 ","76,937"
El Chicano,Drama,"$700,261 ","76,447"
Raise Hell: The Life and Ti...,Documentary,"$694,410 ","75,808"
The Grizzlies,Drama,"$650,565 ","71,022"
Nancy Drew and the Hidden S...,Drama,"$623,088 ","68,023"
The Wizard of Oz,Musical,"$622,486 ","67,957"
Miles Davis: Birth of the Cool,Documentary,"$614,201 ","67,052"
The Chaperone,Drama,"$600,654 ","65,573"
Roger Waters Us + Them,Documentary,"$594,982 ","64,954"
Furie,Action,"$594,788 ","64,933"
Bethany Hamilton: Unstoppable,Documentary,"$590,671 ","64,483"
The Public,Drama,"$573,503 ","62,609"
The Sky is Pink,Drama,"$555,030 ","60,592"
The Shining,Horror,"$551,257 ","60,181"
Fiddler: A Miracle of Miracles,Documentary,"$549,385 ","59,976"
Everybody's Everything,Documentary,"$547,207 ","59,738"
Dabangg 3,Action,"$535,000 ","58,406"
Grateful Dead Meet-Up at th...,Documentary,"$534,611 ","58,363"
Shadow,Action,"$521,396 ","56,920"
Long Day's Journey Into Nig...,Drama,"$521,365 ","56,917"
The Spy Behind Home Plate,Documentary,"$519,525 ","56,716"
Wild Nights With Emily,Comedy,"$519,487 ","56,712"
Birds of Passage,Drama,"$507,259 ","55,377"
Tel Aviv on Fire,Romantic Comedy,"$504,443 ","55,070"
Widows,Thriller/Suspense,"$498,459 ","54,416"
The Climbers,Adventure,"$487,157 ","53,183"
The Great Alaskan Race,Adventure,"$481,924 ","52,611"
Exit,Adventure,"$478,949 ","52,287"
CatVideoFest 2019,Documentary,"$470,923 ","51,410"
Cruel Intentions,Drama,"$463,365 ","50,585"
Panipat,Action,"$461,863 ","50,421"
Christmas Jars,Drama,"$459,466 ","50,160"
Dear Comrade,Action,"$457,000 ","49,890"
Les Misérables - The Staged...,Concert/Perfor...,"$444,150 ","48,487"
Teen Spirit,Musical,"$441,366 ","48,184"
De De Pyaar De,Romantic Comedy,"$425,934 ","46,499"
En Brazos de un Asesino,Thriller/Suspense,"$425,332 ","46,433"
Hail Satan?,Documentary,"$424,284 ","46,319"
Ash is Purest White,Drama,"$414,578 ","45,259"
Union,Drama,"$413,656 ","45,158"
The Invisibles,Documentary,"$408,397 ","44,584"
Monos,Thriller/Suspense,"$406,473 ","44,374"
The Nightingale,Drama,"$400,741 ","43,749"
Mia and the White Lion,Drama,"$400,498 ","43,722"
The Man Who Killed Don Quixote,Drama,"$391,963 ","42,790"
The Wedding Guest,Thriller/Suspense,"$386,166 ","42,157"
The Cure: Anniversary 1978-...,Concert/Perfor...,"$378,405 ","41,310"
The Hummingbird Project,Drama,"$371,784 ","40,587"
Matthias & Maxime,Drama,"$365,918 ","39,947"
The Tomorrow Man,Drama,"$354,103 ","38,657"
"Cyrano, My Love",Comedy,"$351,019 ","38,320"
Photograph,Drama,"$344,534 ","37,612"
Diane,Drama,"$339,838 ","37,100"
Sword of Trust,Drama,"$322,598 ","35,218"
Lucy in the Sky,Drama,"$319,976 ","34,931"
At Eternity's Gate,Drama,"$317,975 ","34,713"
Out of Liberty,Western,"$317,217 ","34,630"
Josh Groban Bridges from Ma...,Concert/Perfor...,"$315,173 ","34,407"
K-12,Musical,"$303,230 ","33,103"
Aquarela,Documentary,"$301,429 ","32,907"
63 Up,Documentary,"$299,745 ","32,723"
Ask Dr. Ruth,Documentary,"$297,195 ","32,444"
Line Walker 2: Invisible Spy,Action,"$296,751 ","32,396"
Killerman,Action,"$291,477 ","31,820"
The Bravest,Drama,"$290,217 ","31,683"
Khalid: Free Spirit,Documentary,"$284,229 ","31,029"
Mike Wallace is Here,Documentary,"$281,245 ","30,703"
Freaks,Thriller/Suspense,"$276,591 ","30,195"
Just Mercy,Drama,"$267,881 ","29,245"
Smallfoot,Adventure,"$263,482 ","28,764"
Her Smell,Drama,"$255,599 ","27,903"
One Child Nation,Documentary,"$252,734 ","27,591"
I Got The Hook-Up 2,Comedy,"$252,293 ","27,542"
Lords of Chaos,Thriller/Suspense,"$252,245 ","27,537"
Canal Street,Drama,"$251,917 ","27,501"
Meeting Gorbachev,Documentary,"$251,837 ","27,493"
Under the Sea 3D,Documentary,"$246,137 ","26,871"
311: Enlarged to Show Detail 3,Concert/Perfor...,"$238,791 ","26,068"
Give Me Liberty,Comedy,"$238,600 ","26,048"
American Woman,Drama,"$236,637 ","25,833"
Ashfall,Action,"$236,183 ","25,784"
Pagalpanti,Comedy,"$227,714 ","24,859"
First Love,Drama,"$219,680 ","23,982"
"The Gangster, The Cop, The ...",Action,"$216,494 ","23,634"
"Faith, Hope & Love",Romantic Comedy,"$209,990 ","22,924"
Master Z: Ip Man Legacy,Action,"$209,454 ","22,866"
Play the Flute,Drama,"$207,663 ","22,671"
The Iron Orchard,Drama,"$204,881 ","22,366"
Hesburgh,Documentary,"$204,709 ","22,348"
Chasing the Dragon 2: Wild ...,Action,"$196,634 ","21,466"
Family,Drama,"$196,322 ","21,432"
Mr. Klein,Drama,"$189,718 ","20,711"
Synonyms,Drama,"$186,482 ","20,358"
The Song of Names,Drama,"$186,005 ","20,306"
To Dust,Drama,"$184,495 ","20,141"
Robin Hood,Action,"$179,615 ","19,608"
Modest Heroes,Adventure,"$178,027 ","19,435"
The Warrior Queen of Jhansi,Drama,"$177,437 ","19,370"
Creed II,Drama,"$177,000 ","19,323"
India's Most Wanted,Thriller/Suspense,"$176,858 ","19,307"
"Iyengar: The Man, Yoga, The...",Documentary,"$176,387 ","19,256"
Tigers Are Not Afraid,Horror,"$175,559 ","19,165"
Frankie,Drama,"$167,169 ","18,249"
The Bad Guys: Reign of Chaos,Drama,"$166,971 ","18,228"
Sunset,Drama,"$164,717 ","17,982"
Them That Follow,Thriller/Suspense,"$159,218 ","17,381"
Money,Drama,"$155,732 ","17,001"
The Possession of Hannah Grace,Horror,"$153,478 ","16,755"
Halston,Documentary,"$151,991 ","16,592"
Peterloo,Drama,"$151,971 ","16,590"
Jay Myself,Documentary,"$151,331 ","16,520"
Before You Know It,Comedy,"$151,307 ","16,518"
The River and the Wall,Documentary,"$150,816 ","16,464"
The Whistleblower,Action,"$150,481 ","16,428"
Little Woods,Western,"$150,010 ","16,376"
Hampstead,Drama,"$148,636 ","16,226"
War and Peace,Drama,"$148,557 ","16,218"
Trial by Fire,Drama,"$148,504 ","16,212"
Dogman,Thriller/Suspense,"$148,225 ","16,181"
Hubble 3D,Documentary,"$147,277 ","16,078"
Framing John DeLorean,Documentary,"$145,626 ","15,898"
The Life of Brian,Comedy,"$138,071 ","15,073"
Who Will Write Our History,Documentary,"$138,039 ","15,069"
Rafiki,Drama,"$137,968 ","15,062"
The Last Resort,Documentary,"$137,857 ","15,049"
The Other Story,Drama,"$134,962 ","14,733"
Okko's Inn,Adventure,"$134,787 ","14,714"
Palau the Movie,Drama,"$134,696 ","14,704"
Born to be Wild 3D,Documentary,"$134,027 ","14,632"
Anthropocene: The Human Epoch,Documentary,"$132,807 ","14,498"
Peppa Celebrates Chinese Ne...,Adventure,"$131,225 ","14,325"
Mister America,Comedy,"$130,897 ","14,290"
The Zoya Factor,Romantic Comedy,"$128,831 ","14,064"
The World Before Your Feet,Documentary,"$125,857 ","13,739"
Paris is Burning,Documentary,"$125,677 ","13,720"
Mary Magdalene,Drama,"$124,958 ","13,641"
A Tuba to Cuba,Documentary,"$121,772 ","13,293"
Free Trip to Egypt,Documentary,"$120,780 ","13,185"
"Ruben Brandt, Collector",Drama,"$117,963 ","12,878"
Branagh Theatre Live: The W...,Drama,"$116,877 ","12,759"
The Kingmaker,Documentary,"$115,253 ","12,582"
Be Natural: The Untold Stor...,Documentary,"$114,238 ","12,471"
Police Story/Police Story 2...,Action,"$113,224 ","12,360"
Babylon (1980),Drama,"$109,749 ","11,981"
Varda by Agnes,Documentary,"$107,631 ","11,750"
The Brink,Documentary,"$106,059 ","11,578"
Cold Case Hammarskjold,Documentary,"$104,965 ","11,459"
Downtown 81,Drama,"$104,785 ","11,439"
Miss & Mrs. Cops,Comedy,"$103,935 ","11,346"
The Divine Fury,Action,"$102,982 ","11,242"
Cunningham,Documentary,"$102,082 ","11,144"
Burning,Thriller/Suspense,"$101,279 ","11,056"
The Reports on Sarah and Sa...,Drama,"$99,958 ","10,912"
Walking on Water,Documentary,"$98,358 ","10,737"
Tazza: One Eyed Jack,Drama,"$97,655 ","10,661"
Rojo,Drama,"$94,757 ","10,344"
The Image Book,Drama,"$93,950 ","10,256"
Always Miss You,Drama,"$91,884 ","10,031"
Loopers: The Caddie's Long ...,Documentary,"$90,679 ","9,899"
My Dear Liar,Drama,"$90,545 ","9,884"
Mirai no Mirai,Adventure,"$90,193 ","9,846"
The Lumber Baron,Drama,"$87,881 ","9,593"
The Chambermaid,Drama,"$86,961 ","9,493"
ECCO,Thriller/Suspense,"$86,858 ","9,482"
Sonchiriya,Action,"$86,765 ","9,472"
Ramen Shop,Drama,"$86,060 ","9,395"
The Third Wife,Drama,"$84,933 ","9,272"
Papi Chulo,Comedy,"$84,703 ","9,247"
Woodstock: Three Days That ...,Documentary,"$84,440 ","9,218"
High Strung: Free Dance,Drama,"$83,891 ","9,158"
Venom,Action,"$82,267 ","8,981"
Christ Stopped at Eboli,Drama,"$80,868 ","8,828"
Ms. Purple,Drama,"$80,657 ","8,805"
Mayday Life,Concert/Perfor...,"$78,966 ","8,620"
Deadpool 2,Action,"$78,961 ","8,620"
The Old Man and the Gun,Comedy,"$78,577 ","8,578"
The Heiresses,Drama,"$78,473 ","8,566"
A Faithful Man,Romantic Comedy,"$77,776 ","8,490"
Fast Color,Thriller/Suspense,"$76,916 ","8,396"
Clemency,Drama,"$76,373 ","8,337"
Triple Threat,Thriller/Suspense,"$76,289 ","8,328"
Savage,Thriller/Suspense,"$74,491 ","8,132"
The Nutcracker and the Four...,Adventure,"$73,093 ","7,979"
"Hale County This Morning, T...",Documentary,"$71,967 ","7,856"
Storm Boy,Adventure,"$71,760 ","7,834"
3 Faces,Drama,"$71,613 ","7,818"
Cliffs of Freedom,Drama,"$71,609 ","7,817"
The Battle of Jangsari,Drama,"$71,146 ","7,767"
Styx,Drama,"$70,794 ","7,728"
Edie,Drama,"$70,138 ","7,656"
Diamantino,,"$70,088 ","7,651"
The Divine Move 2: The Wrat...,Action,"$67,578 ","7,377"
Being Frank,Comedy,"$67,343 ","7,351"
Last Year at Marienbad,Drama,"$66,598 ","7,270"
Working Woman,Drama,"$64,764 ","7,070"
Vita & Virginia,Drama,"$62,350 ","6,806"
By the Grace of God,Drama,"$61,079 ","6,668"
The Mountain,Black Comedy,"$61,035 ","6,663"
Wild,Drama,"$60,568 ","6,612"
Greener Grass,Comedy,"$57,384 ","6,264"
Mickey and the Bear,Drama,"$57,188 ","6,243"
Invisible Life,Drama,"$53,783 ","5,871"
Making Waves: The Art of Ci...,Documentary,"$53,144 ","5,801"
One Cut of the Dead,Horror,"$52,406 ","5,721"
End of the Century,Drama,"$51,212 ","5,590"
Charlie Says,Drama,"$51,044 ","5,572"
Mojin: The Worm Valley,Action,"$50,933 ","5,560"
The Hate U Give,Drama,"$50,839 ","5,550"
Ophelia,Drama,"$50,722 ","5,537"
Clinton Road,Horror,"$50,400 ","5,502"
American Dharma,Documentary,"$50,250 ","5,485"
"Love, Antosha",Documentary,"$50,168 ","5,476"
The Bounty Killer,Western,"$48,815 ","5,329"
The Queen,Documentary,"$47,818 ","5,220"
Under The Silver Lake,Thriller/Suspense,"$46,083 ","5,030"
High on the Hog,Action,"$45,599 ","4,978"
The Proposal,Documentary,"$45,149 ","4,928"
The Cave,Documentary,"$45,096 ","4,923"
What is Democracy,Documentary,"$44,502 ","4,858"
Becoming Astrid,Drama,"$44,399 ","4,847"
Carmine Street Guitars,Documentary,"$44,253 ","4,831"
For Sama,Documentary,"$43,796 ","4,781"
Fagara,Drama,"$43,262 ","4,722"
Immortal Hero,Drama,"$43,059 ","4,700"
Midnight Traveler,Documentary,"$41,265 ","4,504"
Aniara,Drama,"$40,124 ","4,380"
Saint Judy,Drama,"$39,275 ","4,287"
Zilla and Zoe,Comedy,"$39,003 ","4,257"
Shed of the Dead,Comedy,"$38,699 ","4,224"
Wildlife,Drama,"$38,112 ","4,160"
Britt-Marie Was Here,Comedy,"$37,127 ","4,053"
The Quiet One,Documentary,"$37,012 ","4,040"
Recorder: The Marion Stokes...,Documentary,"$36,523 ","3,987"
The Sower,Drama,"$36,233 ","3,955"
Bu√±uel in the Labyrinth of ...,Drama,"$36,205 ","3,952"
Yardie,Drama,"$35,632 ","3,889"
Loro 1,Documentary,"$35,613 ","3,887"
White Snake,Drama,"$34,730 ","3,791"
Maria by Callas,Documentary,"$34,017 ","3,713"
Killer Unicorn,Horror,"$33,901 ","3,700"
The Death of Dick Long,Black Comedy,"$33,856 ","3,696"
Moonlight Sonata: Deafness ...,Documentary,"$33,841 ","3,694"
The Wild Pear Tree,Drama,"$33,326 ","3,638"
Deep Sea 3-D,Documentary,"$32,831 ","3,584"
An Acceptable Loss,Thriller/Suspense,"$32,452 ","3,542"
10E,Comedy,"$32,413 ","3,538"
Desolation Center,Documentary,"$32,016 ","3,495"
Knife + Heart,Thriller/Suspense,"$31,969 ","3,490"
Gift,Documentary,"$31,588 ","3,448"
Memory: The Origins of Alien,Documentary,"$31,378 ","3,425"
Pasolini,Drama,"$30,757 ","3,357"
Sorry Angel,Drama,"$30,584 ","3,338"
Horn From the Heart: The Pa...,Documentary,"$30,179 ","3,294"
The Ground Beneath My Feet,Drama,"$29,171 ","3,184"
The Wind,Horror,"$28,611 ","3,123"
In the Aisles,Drama,"$28,394 ","3,099"
Kind Hearts and Coronets,Black Comedy,"$27,893 ","3,045"
Hotel by the River,Drama,"$27,832 ","3,038"
"Leaving Home, Coming Home: ...",Documentary,"$27,073 ","2,955"
The Day Shall Come,Comedy,"$26,972 ","2,944"
Wrestle,Documentary,"$26,597 ","2,903"
Donnybrook,Drama,"$26,284 ","2,869"
Swing Kids,Drama,"$26,244 ","2,865"
Return of the Hero,Drama,"$25,004 ","2,729"
Chasing Einstein,Documentary,"$24,117 ","2,632"
The Nun (1966) (Re-Release),Drama,"$23,972 ","2,617"
Beautiful Boy,Drama,"$23,952 ","2,614"
Piranhas,Drama,"$23,494 ","2,564"
Island of Lemurs: Madagascar,Documentary,"$23,187 ","2,531"
Célébration,Documentary,"$22,557 ","2,462"
Night School,Comedy,"$22,550 ","2,462"
Little Joe,Drama,"$22,422 ","2,447"
Light From Light,Drama,"$22,360 ","2,441"
The House That Jack Built,Thriller/Suspense,"$22,030 ","2,405"
The White Sheik,Comedy,"$22,009 ","2,402"
Wicked Witches,Horror,"$21,600 ","2,358"
Redoubt,Thriller/Suspense,"$21,556 ","2,353"
The Hole in the Ground,Horror,"$21,072 ","2,300"
The Gospel of Eureka,Documentary,"$20,873 ","2,278"
The All Americans,Documentary,"$20,322 ","2,218"
The Disappearance of my Mother,Documentary,"$20,293 ","2,215"
The Sound of Silence,Drama,"$20,171 ","2,202"
Prassthanam,Drama,"$19,984 ","2,181"
Midnight Family,Documentary,"$19,983 ","2,181"
Tremors,Drama,"$19,562 ","2,135"
Out of Blue,Drama,"$18,779 ","2,050"
Scandalous: The Untold Stor...,Documentary,"$18,759 ","2,047"
Before Stonewall,Documentary,"$18,724 ","2,044"
Midnight Diner,Drama,"$18,555 ","2,025"
"Phoenix, Oregon",Comedy,"$18,356 ","2,003"
To the Arctic 3D,Documentary,"$18,010 ","1,966"
The Cranes are Flying,Drama,"$17,923 ","1,956"
Citizen K,Documentary,"$17,704 ","1,932"
Jane and Emma,Drama,"$17,405 ","1,900"
Chained for Life,Black Comedy,"$17,370 ","1,896"
Ode to Joy,Comedy,"$17,303 ","1,888"
Joseph Pulitzer: Voice of t...,Documentary,"$16,971 ","1,852"
Balloon,Thriller/Suspense,"$16,792 ","1,833"
Three Peaks,Drama,"$16,216 ","1,770"
Virginia Minnesota,Comedy,"$16,118 ","1,759"
Piercing,Horror,"$15,856 ","1,731"
Starfish,Horror,"$15,850 ","1,730"
Funan,Drama,"$15,152 ","1,654"
Wrinkles the Clown,Documentary,"$14,938 ","1,630"
ZZ Top: That Little Ol' Ban...,Documentary,"$14,879 ","1,624"
Frank and Ava,Drama,"$14,820 ","1,617"
Our Time,Drama,"$14,777 ","1,613"
Giant Little Ones,Drama,"$14,500 ","1,582"
Boy Erased,Drama,"$14,490 ","1,582"
The Woman Who Loves Giraffes,Documentary,"$14,350 ","1,566"
Combat Obscura,Documentary,"$14,242 ","1,554"
Screwball,Multiple Genres,"$13,967 ","1,524"
Touch Me Not,Documentary,"$13,782 ","1,504"
This One's For The Ladies,Documentary,"$13,688 ","1,494"
Crazy Rich Asians,Romantic Comedy,"$13,586 ","1,483"
First Man,Drama,"$13,510 ","1,475"
The House with a Clock in i...,Comedy,"$13,295 ","1,451"
Rapid Response,Documentary,"$13,262 ","1,447"
Hagazussa: A Heathen's Curse,Horror,"$13,253 ","1,446"
Off Season,Thriller/Suspense,"$12,544 ","1,369"
Sympathy For the Devil,Action,"$12,144 ","1,325"
Zen for Nothing,Documentary,"$12,107 ","1,321"
Imprisoned,Thriller/Suspense,"$12,049 ","1,315"
Cassandro the Exotico,Documentary,"$11,897 ","1,298"
Hollywould,Thriller/Suspense,"$11,888 ","1,297"
Stuffed,Documentary,"$11,683 ","1,275"
Yomeddine,Adventure,"$11,308 ","1,234"
I Do Not Care If We Go Down...,Black Comedy,"$11,307 ","1,234"
Made Me Do It,Horror,"$11,151 ","1,217"
Ferrante Fever,Documentary,"$11,137 ","1,215"
If the Dancer Dances,Documentary,"$10,912 ","1,191"
Vision Portraits,Documentary,"$10,771 ","1,175"
Prescience,Drama,"$10,606 ","1,157"
Suburban Birds,Drama,"$10,364 ","1,131"
The Eyes of Orson Welles,Documentary,"$10,252 ","1,119"
A Private War,Drama,"$10,098 ","1,102"
Shooting the Mafia,Documentary,"$9,988 ","1,090"
Olivia,Drama,"$9,934 ","1,084"
Streetwise,Documentary,"$9,904 ","1,081"
Studio 54,Documentary,"$9,355 ","1,021"
Fritz Lang's Indian Epic,,"$9,345 ","1,020"
When Lambs Become Lions,Documentary,"$9,337 ","1,019"
Tyrel,Drama,"$9,314 ","1,016"
The Aspern Papers,Drama,"$9,277 ","1,012"
Liyana,Documentary,"$9,223 ","1,006"
Cracked Up,Documentary,"$9,197 ","1,004"
Advocate,Documentary,"$9,152 ",999
"Frantz Fanon: Black Skin, W...",Documentary,"$9,025 ",985
Grass,Drama,"$8,969 ",979
That Part Feeling-The Unive...,Documentary,"$8,818 ",962
The Dead Center,Thriller/Suspense,"$8,320 ",908
This Magnificent Cake!,,"$7,888 ",861
Ghost Fleet,Documentary,"$7,850 ",856
Girls of the Sun,Drama,"$7,801 ",851
Gregory's Girl,Romantic Comedy,"$7,710 ",841
I'll Take Your Dead,Horror,"$7,692 ",839
Beloved Beast,Horror,"$7,301 ",797
My Son,Thriller/Suspense,"$6,984 ",762
Rosie,Drama,"$6,839 ",746
Genesis,Drama,"$6,784 ",740
Dying to Survive,Drama,"$6,752 ",737
Life & Nothing More,Drama,"$6,745 ",736
Under the Eiffel Tower,Romantic Comedy,"$6,291 ",686
To Be of Service,Documentary,"$6,173 ",673
Relaxer,Comedy,"$6,133 ",669
The Charmer,Thriller/Suspense,"$6,118 ",667
The Golden Glove,Drama,"$5,963 ",650
"Monrovia, Indiana",Documentary,"$5,738 ",626
Of Fathers and Sons,Documentary,"$5,643 ",616
Serie noire,Drama,"$5,633 ",614
The Miracle of the Little P...,Documentary,"$5,553 ",606
Halloween,Horror,"$5,505 ",601
Spiral Farm,Drama,"$5,475 ",597
Daughter of Mine,Drama,"$5,447 ",594
100 Acres of Hell,Horror,"$5,152 ",562
Body at Brighton Rock,Thriller/Suspense,"$5,123 ",559
The Garden,Drama,"$5,006 ",546
Un Traductor,Drama,"$4,879 ",532
Crepitus,Horror,"$4,846 ",529
Ballet Blanc,Horror,"$4,832 ",527
What You Gonna Do When The ...,Documentary,"$4,672 ",510
Slaughterhouse Rulez,Action,"$4,665 ",509
At War,Drama,"$4,605 ",502
I'm Leaving Now,Documentary,"$4,443 ",485
Tito and the Birds,Adventure,"$4,332 ",472
The Fate of Lee Khan (1973)...,Action,"$4,295 ",468
The Gliksmans,Comedy,"$4,080 ",445
Sicilian Ghost Story,Drama,"$3,935 ",429
Mother of a Day,Comedy,"$3,919 ",427
Crown Vic,Action,"$3,868 ",422
The Wandering Soap Opera,Comedy,"$3,542 ",386
Another Day of Life,Drama,"$3,190 ",348
Chasing Portraits,Documentary,"$3,076 ",335
Filmworker,Documentary,"$3,016 ",329
Wings of Desire (1987) (Re-...,Drama,"$3,004 ",327
Back to the Fatherland,Documentary,"$2,697 ",294
"No Date, No Signature",Drama,"$2,567 ",280
TINY: The Life of Erin Blac...,Documentary,"$2,465 ",269
Serendipity,Documentary,"$2,213 ",241
A German Youth,Documentary,"$2,177 ",237
Iceman,Thriller/Suspense,"$2,138 ",233
Jihadists,Documentary,"$1,939 ",211
In Safe Hands,Drama,"$1,737 ",189
Little Q,Drama,"$1,652 ",180
The Killing Floor,Drama,"$1,583 ",172
Detour,Drama,"$1,540 ",168
State Like Sleep,Drama,"$1,469 ",160
The Hours and Times,Drama,"$1,273 ",138
Chinese Portrait,Documentary,"$1,246 ",136
A Fish in the Bathtub,Comedy,"$1,237 ",135
Narcissister Organ Player,Documentary,"$1,015 ",110
Chef Flynn,Documentary,$721 ,78
I am Not a Witch,Drama,$550 ,60
Divide and Conquer: The Sto...,Documentary,$474 ,51
Senso,Drama,$437 ,47
Never-Ending Man: Hayao Miy...,Documentary,$376 ,41
Bad Boys For Life,Action,"$204,417,855 ","22,292,023"
1917,Thriller/Suspense,"$157,901,466 ","17,219,352"
Sonic The Hedgehog,Adventure,"$146,066,470 ","15,928,731"
Jumanji: The Next Level,Adventure,"$124,736,710 ","13,602,694"
Star Wars: The Rise of Skyw...,Adventure,"$124,496,308 ","13,576,478"
Birds of Prey (And the Fant...,Action,"$84,158,461 ","9,177,585"
Dolittle,Adventure,"$77,047,065 ","8,402,079"
The Invisible Man,Horror,"$64,914,050 ","7,078,958"
The Call of the Wild,Adventure,"$62,342,368 ","6,798,513"
Onward,Adventure,"$61,555,145 ","6,712,665"
Tenet,Action,"$58,044,165 ","6,329,788"
Halloween,Horror,"$47,274,000 ","5,155,288"
Little Women,Drama,"$37,593,127 ","4,099,577"
The Gentlemen,Action,"$36,471,796 ","3,977,295"
Just Mercy,Drama,"$35,733,621 ","3,896,796"
Knives Out,Drama,"$35,244,610 ","3,843,468"
The Croods: A New Age,Adventure,"$32,334,280 ","3,526,093"
Parasite,Black Comedy,"$29,518,856 ","3,219,068"
Frozen II,Adventure,"$26,934,045 ","2,937,191"
Fantasy Island,Horror,"$26,441,782 ","2,883,509"
The New Mutants,Horror,"$23,855,569 ","2,601,479"
Wonder Woman 1984,Action,"$23,009,311 ","2,509,194"
Like a Boss,Comedy,"$22,169,514 ","2,417,613"
Unhinged,Thriller/Suspense,"$20,831,465 ","2,271,697"
The Photograph,Drama,"$20,578,185 ","2,244,076"
Spies in Disguise,Adventure,"$19,714,592 ","2,149,900"
The War with Grandpa,Comedy,"$18,861,607 ","2,056,881"
Underwater,Thriller/Suspense,"$17,291,078 ","1,885,613"
The Turning,Horror,"$15,472,775 ","1,687,325"
Gretel & Hansel,Horror,"$15,347,654 ","1,673,680"
Honest Thief,Thriller/Suspense,"$14,163,574 ","1,544,555"
The Way Back,Drama,"$13,590,514 ","1,482,062"
My Hero Academia: Heroes: R...,Adventure,"$13,553,826 ","1,478,061"
Uncut Gems,Thriller/Suspense,"$13,467,396 ","1,468,636"
Brahms: The Boy II,Horror,"$12,611,536 ","1,375,303"
Jojo Rabbit,Black Comedy,"$11,791,356 ","1,285,862"
Impractical Jokers: The Movie,Comedy,"$10,466,091 ","1,141,340"
I Still Believe,Drama,"$10,410,004 ","1,135,223"
Emma.,Drama,"$10,055,355 ","1,096,549"
Bloodshot,Action,"$10,021,787 ","1,092,888"
The Grudge,Horror,"$9,812,035 ","1,070,014"
Come Play,Horror,"$9,505,540 ","1,036,591"
Let Him Go,Thriller/Suspense,"$9,347,940 ","1,019,404"
Freaky,Horror,"$8,702,060 ","948,970"
Downhill,Drama,"$8,287,061 ","903,714"
Weathering With You,Drama,"$7,798,703 ","850,458"
Ford v. Ferrari,Drama,"$7,648,018 ","834,025"
Cats,Musical,"$7,196,675 ","784,806"
Bombshell,Drama,"$7,172,836 ","782,206"
It's a Wonderful Life,Drama,"$6,644,000 ","724,536"
The Hunt,Thriller/Suspense,"$5,812,500 ","633,860"
The Rhythm Section,Thriller/Suspense,"$5,437,971 ","593,017"
Monster Hunter,Action,"$5,018,403 ","547,263"
The SpongeBob Movie: Sponge...,Adventure,"$4,810,790 ","524,622"
Hocus Pocus,Comedy,"$4,777,471 ","520,989"
National Lampoon's Christma...,Comedy,"$4,593,728 ","500,951"
Richard Jewell,Drama,"$4,523,325 ","493,274"
The Broken Hearts Gallery,Romantic Comedy,"$4,066,487 ","443,455"
Infidel,Thriller/Suspense,"$4,051,990 ","441,874"
A Christmas Story,Comedy,"$3,896,391 ","424,906"
Portrait of a Lady on Fire,Drama,"$3,759,854 ","410,016"
News of the World,Western,"$3,717,170 ","405,362"
Bill & Ted Face the Music,Comedy,"$3,439,660 ","375,099"
2020 Oscar Shorts,Multiple Genres,"$3,304,748 ","360,386"
Fatale,Thriller/Suspense,"$3,089,694 ","336,935"
Queen & Slim,Drama,"$3,089,365 ","336,899"
The Empty Man,Horror,"$2,995,698 ","326,684"
My Boyfriend's Meds,Romantic Comedy,"$2,971,116 ","324,003"
The Last Full Measure,Drama,"$2,949,212 ","321,615"
A Beautiful Day in the Neig...,Drama,"$2,894,475 ","315,646"
Words on Bathroom Walls,Drama,"$2,542,518 ","277,264"
After We Collided,Drama,"$2,386,483 ","260,248"
The Nightmare Before Christmas,Musical,"$2,286,000 ","249,291"
The Lodge,Horror,"$2,138,907 ","233,250"
Half Brothers,Comedy,"$2,016,150 ","219,863"
The Personal History of Dav...,Drama,"$1,876,298 ","204,612"
The Wretched,Horror,"$1,815,440 ","197,976"
Joker,Thriller/Suspense,"$1,678,800 ","183,075"
The Rental,Thriller/Suspense,"$1,637,548 ","178,576"
Star Wars Ep. V: The Empire...,Adventure,"$1,580,209 ","172,323"
Once Upon a Time...in Hollywo...,Thriller/Suspense,"$1,406,198 ","153,347"
2 Hearts,Drama,"$1,349,284 ","147,141"
Jay and Silent Bob Reboot,Comedy,"$1,330,666 ","145,110"
Train to Busan Presents: Pe...,Horror,"$1,224,525 ","133,535"
Promising Young Woman,Black Comedy,"$1,208,180 ","131,753"
Met Opera - Agrippina,Concert/Perfor...,"$1,150,000 ","125,408"
True to the Game 2: Gena's ...,Thriller/Suspense,"$1,117,808 ","121,898"
The Assistant,Drama,"$1,100,310 ","119,990"
IP Man: The Finale,Action,"$1,089,355 ","118,795"
Love and Monsters,Adventure,"$1,070,714 ","116,762"
Relic,Thriller/Suspense,"$1,047,083 ","114,185"
The Tax Collector,Action,"$1,044,212 ","113,872"
Die Hard,Action,"$1,036,063 ","112,983"
Becky,Thriller/Suspense,"$1,002,852 ","109,362"
Break the Silence The Movie,Documentary,"$1,000,000 ","109,051"
Elf,Comedy,"$905,000 ","98,691"
All My Life,Drama,"$899,585 ","98,100"
The Song of Names,Drama,"$891,579 ","97,227"
Toy Story,Adventure,"$870,305 ","94,907"
Met Opera: Wozzeck,Concert/Perfor...,"$863,000 ","94,111"
Cut Throat City,Drama,"$855,894 ","93,336"
Sarileru Neekevvaru,Action,"$821,000 ","89,531"
Vanguard,Action,"$793,525 ","86,534"
Pinocchio,Adventure,"$782,555 ","85,338"
Color Out of Space,Horror,"$765,561 ","83,485"
Shortcut,Horror,"$758,223 ","82,685"
Possessor,Thriller/Suspense,"$752,885 ","82,103"
Coco,Musical,"$734,000 ","80,043"
"Monsters, Inc.",Adventure,"$726,000 ","79,171"
Baaghi 3,Action,"$721,439 ","78,673"
The Santa Clause,Adventure,"$706,000 ","76,990"
The Last Vermeer,Drama,"$685,380 ","74,741"
The Addams Family,Adventure,"$678,926 ","74,037"
The Last Shift,Comedy,"$643,658 ","70,191"
Synchronic,Thriller/Suspense,"$636,673 ","69,429"
Maleficent: Mistress of Evil,Adventure,"$634,868 ","69,233"
Chhapaak,Drama,"$604,334 ","65,903"
Pain & Glory,Drama,"$599,619 ","65,389"
Panga,Drama,"$582,720 ","63,546"
Black Christmas,Horror,"$562,060 ","61,293"
Guardians of the Galaxy,Action,"$542,000 ","59,105"
Alone,Thriller/Suspense,"$538,358 ","58,708"
Followed,Horror,"$538,179 ","58,689"
The Polar Express,Adventure,"$536,000 ","58,451"
Harriet,Drama,"$534,455 ","58,282"
Kajillionaire,Drama,"$531,430 ","57,953"
The Call,Horror,"$516,520 ","56,327"
The Big Ugly,Action,"$514,107 ","56,064"
Dark Waters,Drama,"$502,205 ","54,766"
The Forgotten Carols,Musical,"$501,629 ","54,703"
Spell,Horror,"$500,104 ","54,536"
Ava,Action,"$497,747 ","54,279"
CatVideoFest,Documentary,"$478,775 ","52,211"
A Hidden Life,Drama,"$456,268 ","49,756"
Once Were Brothers: Robbie ...,Documentary,"$449,561 ","49,025"
Seberg,Thriller/Suspense,"$448,009 ","48,855"
Infamous,Action,"$429,148 ","46,799"
Tulsa,Drama,"$413,522 ","45,095"
Buddy Games,Comedy,"$405,904 ","44,264"
Yellow Rose,Drama,"$367,849 ","40,114"
The Kid Detective,Black Comedy,"$364,138 ","39,709"
Greed,Comedy,"$355,308 ","38,746"
Thank You For Everything,Comedy,"$352,149 ","38,402"
Ride Your Wave,Comedy,"$332,432 ","36,252"
Les Misérables,Drama,"$330,181 ","36,006"
Ordinary Love,Drama,"$323,688 ","35,298"
How the Grinch Stole Christmas,Adventure,"$304,000 ","33,151"
Save Yourselves!,Comedy,"$301,162 ","32,842"
The Informer,Thriller/Suspense,"$300,460 ","32,765"
Midway,Action,"$299,520 ","32,663"
The Traitor,Drama,"$296,027 ","32,282"
Judy,Drama,"$292,206 ","31,865"
Clemency,Drama,"$288,343 ","31,444"
Created Equal: Clarence Tho...,Documentary,"$282,149 ","30,768"
21 Bridges,Thriller/Suspense,"$274,740 ","29,960"
"Mafia, Inc.",Drama,"$264,552 ","28,849"
Tokyo Godfathers,Adventure,"$237,581 ","25,908"
The Climb,Drama,"$234,429 ","25,564"
The Secrets We Keep,Thriller/Suspense,"$231,119 ","25,203"
Frozen,Musical,"$215,000 ","23,446"
Legend of Deification,Adventure,"$214,670 ","23,410"
Dr. Seuss' The Grinch,Adventure,"$214,000 ","23,336"
Wild Mountain Thyme,Drama,"$213,441 ","23,276"
Beanpole,Drama,"$196,258 ","21,402"
The Doors: Break on Thru - ...,Documentary,"$186,920 ","20,383"
The Outpost,Action,"$186,634 ","20,352"
The Wolf of Snow Hollow,Horror,"$185,026 ","20,177"
Come Away,Drama,"$184,477 ","20,117"
63 Up,Documentary,"$183,940 ","20,058"
The Good Liar,Thriller/Suspense,"$182,779 ","19,932"
And Then We Danced,Drama,"$177,262 ","19,330"
No Escape,Horror,"$167,962 ","18,316"
Extra Ordinary,Horror,"$164,346 ","17,922"
Cunningham,Documentary,"$163,020 ","17,777"
Ammonite,Drama,"$160,930 ","17,549"
A Call to Spy,Drama,"$159,014 ","17,340"
The Dark and The Wicked,Horror,"$152,261 ","16,604"
The Burnt Orange Heresy,Thriller/Suspense,"$144,201 ","15,725"
Always & Forever,Thriller/Suspense,"$144,161 ","15,720"
Wendy,Drama,"$143,518 ","15,650"
Incitement,Thriller/Suspense,"$140,306 ","15,300"
Archive,,"$139,593 ","15,222"
Burden,Drama,"$139,270 ","15,187"
Lupin III: The First,Adventure,"$139,066 ","15,165"
The Nest,Drama,"$137,852 ","15,032"
Beneath Us,Horror,"$137,260 ","14,968"
Ashfall,Action,"$136,379 ","14,872"
The Times of Bill Cunningham,Documentary,"$134,288 ","14,644"
Fantastic Fungi,Documentary,"$129,130 ","14,081"
Alita: Battle Angel,Action,"$128,000 ","13,958"
Saint Frances,Multiple Genres,"$127,275 ","13,879"
Corpus Christi,Drama,"$127,240 ","13,875"
The Man Standing Next,Thriller/Suspense,"$113,527 ","12,380"
Murder in the Woods,Horror,"$109,299 ","11,919"
The Muppet Christmas Carol,Comedy,"$105,400 ","11,494"
Hope Gap,Drama,"$104,732 ","11,421"
Honeyland,Documentary,"$102,719 ","11,201"
Citizen K,Documentary,"$101,762 ","11,097"
Archenemy,Action,"$101,360 ","11,053"
Made in Italy,Drama,"$101,339 ","11,051"
First Cow,Drama,"$101,068 ","11,021"
The Silencing,Thriller/Suspense,"$100,746 ","10,986"
The Woman Who Loves Giraffes,Documentary,"$99,508 ","10,851"
Come to Daddy,Black Comedy,"$96,713 ","10,546"
Tesla,Drama,"$93,147 ","10,157"
Invisible Life,Drama,"$92,752 ","10,114"
Zombieland: Double Tap,Comedy,"$90,559 ","9,875"
First Lady,Romantic Comedy,"$89,885 ","9,802"
On the Basis of Sex,Drama,"$82,150 ","8,958"
StarDog and TurboCat,Adventure,"$80,496 ","8,778"
Percy,Drama,"$76,511 ","8,343"
Alien,Horror,"$75,000 ","8,178"
Pray: The Story of Patrick ...,Documentary,"$72,347 ","7,889"
How to Build a Girl,Comedy,"$70,632 ","7,702"
Come and See,Drama,"$62,774 ","6,845"
We Summon the Darkness,Horror,"$60,794 ","6,629"
My Brothers' Crossing,Drama,"$59,390 ","6,476"
Summerland,Drama,"$58,434 ","6,372"
Bacurau,Action,"$58,115 ","6,337"
The Godfather: Part III,Drama,"$58,097 ","6,335"
The Lighthouse,Horror,"$57,784 ","6,301"
The Dissident,Documentary,"$57,000 ","6,215"
The Whistlers,Comedy,"$55,608 ","6,064"
A Simple Wedding,Romantic Comedy,"$54,415 ","5,934"
Varda by Agnes,Documentary,"$53,134 ","5,794"
No Safe Spaces,Documentary,"$51,303 ","5,594"
Miss Fisher & The Crypt Of ...,Adventure,"$51,032 ","5,565"
Henchmen,Adventure,"$49,676 ","5,417"
The Way I See it,Documentary,"$49,030 ","5,346"
VHYes,Comedy,"$47,037 ","5,129"
Enter the Fat Dragon,Action,"$46,855 ","5,109"
Play the Flute,Drama,"$46,812 ","5,104"
Playing with Fire,Comedy,"$44,957 ","4,902"
Shadow in the Cloud,Action,"$39,117 ","4,265"
Doctor Sleep,Horror,"$38,615 ","4,211"
Three Christs,Drama,"$37,788 ","4,120"
Other Music,Documentary,"$37,191 ","4,055"
Solo Brathuke So Better,Drama,"$35,000 ","3,816"
Juvenile Delinquents,Drama,"$34,292 ","3,739"
Best of Catvideofest,Documentary,"$34,287 ","3,739"
RBG,Documentary,"$34,000 ","3,707"
True History Of The Kelly Gang,Drama,"$33,816 ","3,687"
Swallow,Thriller/Suspense,"$33,419 ","3,644"
Waves,Musical,"$32,518 ","3,546"
Honey Boy,Drama,"$32,516 ","3,545"
Embattled,Drama,"$32,259 ","3,517"
Nick Mason's Saucerful of S...,Concert/Perfor...,"$31,739 ","3,461"
Max Winslow and the House o...,Thriller/Suspense,"$31,252 ","3,408"
After Parkland,Documentary,"$30,444 ","3,319"
Rent-A-Pal,Horror,"$29,615 ","3,229"
Olympic Dreams,Romantic Comedy,"$29,450 ","3,211"
Tread,Documentary,"$29,136 ","3,177"
Buffaloed,Comedy,"$29,118 ","3,175"
The White Sheik,Comedy,"$28,841 ","3,145"
Spree,Black Comedy,"$28,771 ","3,137"
Sorry We Missed You,Drama,"$28,273 ","3,083"
Cane River,Drama,"$27,317 ","2,978"
José,Drama,"$26,563 ","2,896"
Zombi Child,Adventure,"$25,878 ","2,822"
The Booksellers,Documentary,"$25,694 ","2,801"
Unsubscribe,,"$25,488 ","2,779"
Disappearance at Clifton Hill,Thriller/Suspense,"$25,084 ","2,735"
Heart of Africa,Drama,"$24,139 ","2,632"
Premature,Drama,"$23,071 ","2,515"
Promare,Adventure,"$23,053 ","2,513"
"Phoenix, Oregon",Comedy,"$22,755 ","2,481"
The Innocent (1979) (Re-Rel...,Drama,"$22,549 ","2,458"
Midnight Family,Documentary,"$22,327 ","2,434"
Tar,Horror,"$22,307 ","2,432"
I Propose We Never See Each...,Romantic Comedy,"$21,757 ","2,372"
Pandora and the Flying Dutc...,Drama,"$21,536 ","2,348"
Hunter Hunter,Horror,"$21,296 ","2,322"
Young Ahmed,Drama,"$21,291 ","2,321"
The Cordillera of Dreams,Documentary,"$20,943 ","2,283"
Lore,Thriller/Suspense,"$20,006 ","2,181"
Quarantine Cat Film Fest,Documentary,"$20,000 ","2,181"
Synonyms,Drama,"$19,521 ","2,128"
Mandy,Thriller/Suspense,"$19,169 ","2,090"
Recorder: The Marion Stokes...,Documentary,"$19,109 ","2,083"
Foster Boy,Drama,"$19,046 ","2,076"
Sputnik,Horror,"$18,853 ","2,055"
The Jesus Rolls,Comedy,"$18,169 ","1,981"
Sh*thouse,Comedy,"$18,148 ","1,979"
Downtown 81,Drama,"$17,605 ","1,919"
The Cave,Documentary,"$17,529 ","1,911"
Balloon,Thriller/Suspense,"$17,430 ","1,900"
"Never, Rarely, Sometimes, A...",Drama,"$16,565 ","1,806"
Centigrade,Thriller/Suspense,"$16,263 ","1,773"
Made in Hong Kong,Comedy,"$16,255 ","1,772"
Branagh Theatre Live: The W...,Drama,"$15,789 ","1,721"
Strike,Adventure,"$15,758 ","1,718"
Counter Column,Drama,"$15,527 ","1,693"
Zappa,Documentary,"$15,502 ","1,690"
Vitalina Varela,Drama,"$14,941 ","1,629"
"I Was at Home, But...",Drama,"$14,078 ","1,535"
Pahokee,Documentary,"$13,250 ","1,444"
The Wild Goose Lake,Thriller/Suspense,"$12,573 ","1,371"
Killer Raccoons 2: Dark Chr...,Comedy,"$12,382 ","1,350"
Those Who Remained,Drama,"$11,862 ","1,293"
Redoubt,Thriller/Suspense,"$11,599 ","1,264"
Twiceborn,Drama,"$11,527 ","1,257"
Les Misérables - The Staged...,Concert/Perfor...,"$11,394 ","1,242"
Powerbomb,Thriller/Suspense,"$11,319 ","1,234"
Lost in America,Documentary,"$11,301 ","1,232"
Charlie's Angels,Action,"$11,125 ","1,213"
You go to my Head,Drama,"$10,683 ","1,164"
Circles: The Restorative Ju...,Documentary,"$10,260 ","1,118"
Coded Bias,Documentary,"$10,236 ","1,116"
The Last Tree,Drama,"$10,128 ","1,104"
Guest Artist,Drama,"$10,017 ","1,092"
Foosballers,Documentary,"$9,966 ","1,086"
The Truth,Drama,"$9,619 ","1,048"
Just One More Kiss,Drama,"$9,130 ",995
Stardust,Drama,"$9,087 ",990
Kindred,Thriller/Suspense,"$8,921 ",972
The Trip to Greece,Comedy,"$8,340 ",909
Inside the Rain,Romantic Comedy,"$8,140 ",887
The Wave,Thriller/Suspense,"$8,101 ",883
Kind Hearts and Coronets,Black Comedy,"$8,055 ",878
The Artist's Wife,Drama,"$7,818 ",852
Advocate,Documentary,"$7,790 ",849
Linda Ronstadt: The Sound o...,Documentary,"$7,763 ",846
The Bra,Comedy,"$7,742 ",844
I Am Greta,Documentary,"$7,574 ",825
Lie Exposed,Drama,"$7,467 ",814
Resistance,Drama,"$7,464 ",813
The Kingmaker,Documentary,"$7,334 ",799
What We Found,Thriller/Suspense,"$6,975 ",760
I Am Lisa,Horror,"$6,949 ",757
12 Hour Shift,Thriller/Suspense,"$6,820 ",743
Human Capital,Drama,"$6,596 ",719
Afterward,Documentary,"$6,477 ",706
In the Life of Music,Drama,"$6,181 ",674
Blood Widow,Thriller/Suspense,"$6,047 ",659
The Other Lamb,Drama,"$6,024 ",656
Find Your Voice,Comedy,"$6,019 ",656
Herself,Drama,"$6,000 ",654
By the Grace of God,Drama,"$5,980 ",652
Sex and the Future,Comedy,"$5,727 ",624
Human Nature,Documentary,"$5,487 ",598
Made in Bangladesh,Drama,"$5,322 ",580
Bang Bang,Drama,"$5,042 ",549
Alice,Comedy,"$5,000 ",545
Ottolenghi and the Cakes of...,Documentary,"$4,962 ",541
Last Call,Drama,"$4,894 ",533
Farewell Amor,Drama,"$4,689 ",511
The Disappearance of my Mother,Documentary,"$4,658 ",507
No Ordinary Love,Thriller/Suspense,"$4,656 ",507
Babyteeth,Drama,"$4,507 ",491
Monero Means Money: Cryptoc...,Documentary,"$4,470 ",487
Tremors,Drama,"$4,349 ",474
Give Me Liberty,Comedy,"$4,134 ",450
Dear Santa,Documentary,"$4,109 ",448
Straight Up,Romantic Comedy,"$4,075 ",444
Countdown,Horror,"$3,953 ",431
Stuffed,Documentary,"$3,849 ",419
King's Gambit,Thriller/Suspense,"$3,816 ",416
The Roads Not Taken,Drama,"$3,518 ",383
IP Man: Kung Fu Master,Action,"$3,439 ",375
Mr. Klein,Drama,"$3,310 ",360
Chinese Portrait,Documentary,"$2,894 ",315
I'll Take Your Dead,Horror,"$2,831 ",308
A Rainy Day in New York,Romantic Comedy,"$2,744 ",299
Crock of Gold: A Few Rounds...,Documentary,"$2,455 ",267
Light From Light,Drama,"$2,448 ",266
Horror Nights,Horror,"$2,415 ",263
Goldie,Drama,"$2,302 ",251
"Amigo Skate, Cuba",Documentary,"$2,232 ",243
The Shade Shepherd,Thriller/Suspense,"$2,116 ",230
The Transcendents,Thriller/Suspense,"$2,041 ",222
A Mermaid in Paris,Romantic Comedy,"$1,988 ",216
The Bay of Silence,Thriller/Suspense,"$1,941 ",211
Edie,Drama,"$1,652 ",180
American Dharma,Documentary,"$1,641 ",178
The Fox Hunter,Comedy,"$1,577 ",171
Be Natural: The Untold Stor...,Documentary,"$1,467 ",159
The Painted Bird,Drama,"$1,460 ",159
Little Joe,Drama,"$1,440 ",157
Queen of the Capital,Documentary,"$1,269 ",138
Christ Stopped at Eboli,Drama,"$1,258 ",137
Evergreen,Drama,"$1,193 ",130
Fear PHarm,Comedy,"$1,157 ",126
PLAYMOBIL,Adventure,"$1,123 ",122
Hai Tang Hong,Drama,"$1,107 ",120
The Gliksmans,Comedy,"$1,086 ",118
Parallel Policy,Documentary,"$1,070 ",116
Spiral Farm,Drama,"$1,042 ",113
John Wick: Chapter 3 - Para...,Action,"$1,040 ",113
Another Round,Drama,$938 ,102
10 Days With Dad,Comedy,$856 ,93
Hustlers,Drama,$612 ,66
Night Shift,Drama,$534 ,58
Mickey and the Bear,Drama,$528 ,57
Granny Nanny,Comedy,$432 ,47
Sol,Comedy,$327 ,35
Love by Drowning,Drama,$267 ,29
St. Patrick's Day,Educational,$260 ,28
It's For Your Own Good,Comedy,$256 ,27
A German Youth,Documentary,$166 ,18
Spider-Man: No Way Home,Action,"$572,984,769 ","62,484,708"
Shang-Chi and the Legend of...,Action,"$224,543,292 ","24,486,728"
Venom: Let There be Carnage,Action,"$212,609,036 ","23,185,282"
Black Widow,Action,"$183,651,655 ","20,027,443"
F9: The Fast Saga,Action,"$173,005,945 ","18,866,515"
Eternals,Action,"$164,694,432 ","17,960,134"
No Time to Die,Action,"$160,772,007 ","17,532,388"
A Quiet Place: Part II,Horror,"$160,215,764 ","17,471,730"
Ghostbusters: Afterlife,Comedy,"$122,378,960 ","13,345,579"
Free Guy,Action,"$121,626,598 ","13,263,533"
Jungle Cruise,Adventure,"$116,987,516 ","12,757,635"
Dune,Action,"$107,176,143 ","11,687,693"
Godzilla vs. Kong,Action,"$100,916,094 ","11,005,027"
Halloween Kills,Horror,"$92,002,155 ","10,032,950"
Encanto,Adventure,"$90,628,329 ","9,883,133"
Cruella,Comedy,"$86,103,234 ","9,389,666"
Sing 2,Adventure,"$76,483,155 ","8,340,584"
Space Jam: A New Legacy,Comedy,"$70,592,228 ","7,698,171"
The Conjuring: The Devil Ma...,Horror,"$65,631,050 ","7,157,148"
Candyman,Horror,"$61,186,570 ","6,672,472"
The Boss Baby: Family Business,Adventure,"$57,300,280 ","6,248,667"
The Addams Family 2,Adventure,"$56,489,153 ","6,160,212"
The Suicide Squad,Action,"$55,817,425 ","6,086,960"
Raya and the Last Dragon,Adventure,"$54,723,032 ","5,967,615"
Demon Slayer The Movie: Mug...,Adventure,"$49,888,502 ","5,440,403"
House of Gucci,Drama,"$49,023,527 ","5,346,077"
Clifford the Big Red Dog,Adventure,"$48,947,356 ","5,337,771"
Old,Thriller/Suspense,"$48,276,510 ","5,264,614"
Tom and Jerry,Adventure,"$46,536,687 ","5,074,884"
The Forever Purge,Horror,"$44,539,245 ","4,857,061"
Mortal Kombat,Action,"$42,326,031 ","4,615,707"
Peter Rabbit 2: The Runaway,Adventure,"$40,501,717 ","4,416,763"
PAW Patrol: The Movie,Adventure,"$40,127,371 ","4,375,940"
The Hitman's Wife's Bodygua...,Comedy,"$38,014,727 ","4,145,554"
Don't Breathe 2,Horror,"$32,638,038 ","3,559,219"
In the Heights,Musical,"$29,975,167 ","3,268,830"
Snake Eyes: G.I. Joe Origins,Action,"$28,264,325 ","3,082,260"
West Side Story,Musical,"$28,169,248 ","3,071,892"
The Matrix Resurrections,Action,"$28,134,634 ","3,068,117"
Nobody,Thriller/Suspense,"$27,568,035 ","3,006,329"
Wrath of Man,Action,"$27,466,489 ","2,995,255"
The Croods: A New Age,Adventure,"$26,234,535 ","2,860,909"
Escape Room: Tournament of ...,Horror,"$25,314,753 ","2,760,606"
Respect,Drama,"$24,278,399 ","2,647,589"
Wonder Woman 1984,Action,"$23,791,725 ","2,594,517"
Spiral,Horror,"$23,216,862 ","2,531,828"
Ron's Gone Wrong,Adventure,"$23,009,270 ","2,509,190"
Spirit Untamed,Adventure,"$17,716,215 ","1,931,975"
The Green Knight,Adventure,"$17,173,321 ","1,872,772"
Resident Evil: Welcome to R...,Horror,"$16,923,891 ","1,845,572"
The King's Man,Action,"$16,258,724 ","1,773,034"
The French Dispatch,Comedy,"$15,976,770 ","1,742,287"
The Marksman,Action,"$15,566,093 ","1,697,501"
The Unholy,Horror,"$15,532,137 ","1,693,799"
The Little Things,Thriller/Suspense,"$15,342,746 ","1,673,146"
Dear Evan Hansen,Musical,"$15,002,646 ","1,636,057"
King Richard,Drama,"$14,730,278 ","1,606,355"
Stillwater,Drama,"$14,465,535 ","1,577,485"
Malignant,Horror,"$13,391,791 ","1,460,392"
Christmas with the Chosen: ...,Concert/Perfor...,"$13,388,000 ","1,459,978"
Chaos Walking,Action,"$13,287,908 ","1,449,063"
American Underdog: The Kurt...,Drama,"$12,213,600 ","1,331,908"
The Last Duel,Drama,"$10,853,945 ","1,183,636"
Antlers,Horror,"$10,619,670 ","1,158,088"
Cry Macho,Drama,"$10,310,734 ","1,124,398"
Monster Hunter,Action,"$10,144,067 ","1,106,223"
Last Night in Soho,Thriller/Suspense,"$10,127,625 ","1,104,430"
My Hero Academia: World Her...,Adventure,"$9,767,647 ","1,065,174"
News of the World,Western,"$8,951,155 ","976,135"
The Many Saints of Newark,Drama,"$8,237,403 ","898,299"
Dazed and Confused,Comedy,"$7,961,889 ","868,253"
Nightmare Alley,Thriller/Suspense,"$7,580,143 ","826,624"
The Protégé,Action,"$7,446,823 ","812,085"
Those Who Wish Me Dead,Thriller/Suspense,"$7,407,200 ","807,764"
The Night House,Horror,"$7,100,581 ","774,327"
Spencer,Drama,"$7,086,632 ","772,806"
Belfast,Drama,"$6,885,925 ","750,919"
The Courier,Thriller/Suspense,"$6,613,432 ","721,203"
Licorice Pizza,Drama,"$6,382,891 ","696,062"
Judas and the Black Messiah,Drama,"$5,478,009 ","597,384"
Roadrunner: A Film About An...,Documentary,"$5,354,970 ","583,966"
Promising Young Woman,Black Comedy,"$5,252,785 ","572,823"
CopShop,Action,"$5,213,243 ","568,510"
Zola,Drama,"$4,844,399 ","528,287"
Separation,Horror,"$4,509,143 ","491,727"
Boogie,Drama,"$4,178,620 ","455,684"
A Journal for Jordan,Drama,"$3,905,919 ","425,945"
Reminiscence,Thriller/Suspense,"$3,900,193 ","425,321"
12 Mighty Orphans,Drama,"$3,688,723 ","402,259"
Fatale,Thriller/Suspense,"$3,217,203 ","350,840"
Pig,Drama,"$3,186,667 ","347,510"
The Girl Who Believes In Mi...,Drama,"$3,163,362 ","344,968"
Voyagers,Thriller/Suspense,"$3,149,935 ","343,504"
Minari,Drama,"$2,964,816 ","323,316"
Dream Horse,Drama,"$2,913,328 ","317,702"
The House Next Door: Meet t...,Comedy,"$2,893,660 ","315,557"
Here Today,Comedy,"$2,807,494 ","306,161"
Finding You,Drama,"$2,753,985 ","300,325"
Lamb,Drama,"$2,676,410 ","291,865"
The Card Counter,Thriller/Suspense,"$2,652,315 ","289,238"
Land,Drama,"$2,577,830 ","281,116"
The War with Grandpa,Comedy,"$2,416,285 ","263,498"
The Eyes of Tammy Faye,Drama,"$2,404,127 ","262,173"
"Summer of Soul (...Or, When t...",Documentary,"$2,320,649 ","253,069"
Scoob!,Adventure,"$2,188,425 ","238,650"
Nomadland,Drama,"$2,180,000 ","237,732"
After We Fell,Drama,"$2,170,750 ","236,723"
The Father,Drama,"$2,120,992 ","231,296"
C'mon C'mon,Drama,"$1,985,585 ","216,530"
Queen Bees,Comedy,"$1,926,706 ","210,109"
Show Me the Father,Documentary,"$1,803,226 ","196,644"
Profile,Thriller/Suspense,"$1,744,740 ","190,266"
Titane,Horror,"$1,442,988 ","157,359"
Together Together,Comedy,"$1,436,324 ","156,632"
Joe Bell,Drama,"$1,405,488 ","153,270"
Honsla Rakh,Comedy,"$1,319,170 ","143,857"
Wrong Turn,Horror,"$1,251,184 ","136,443"
Scott Pilgrim vs. The World,Comedy,"$1,229,784 ","134,109"
CS Lewis: The Most Reluctan...,Drama,"$1,205,000 ","131,406"
God's Not Dead: We the Peop...,Drama,"$1,170,387 ","127,632"
In the Earth,Horror,"$1,113,722 ","121,452"
Pinocchio,Adventure,"$1,049,163 ","114,412"
True To The Game 3,Thriller/Suspense,"$1,038,255 ","113,223"
Long Weekend,Romantic Comedy,"$1,018,532 ","111,072"
The Jesus Music,Documentary,"$1,016,725 ","110,875"
Come Play,Horror,"$970,450 ","105,829"
A Rescue of Little Eggs,Comedy,"$927,154 ","101,107"
Witnesses,Drama,"$855,765 ","93,322"
The Alpinist,Documentary,"$844,743 ","92,120"
Four Good Days,Drama,"$837,849 ","91,368"
The Mauritanian,Drama,"$836,536 ","91,225"
Blue Bayou,Drama,"$788,675 ","86,006"
The Rescue,Documentary,"$787,460 ","85,873"
Lamb of God: The Concert Film,Concert/Perfor...,"$744,812 ","81,222"
French Exit,Comedy,"$741,895 ","80,904"
Red Rocket,Drama,"$709,460 ","77,367"
Nine Days,Drama,"$694,849 ","75,774"
Our Friend,Drama,"$657,511 ","71,702"
The Sparks Brothers,Documentary,"$648,665 ","70,738"
Met Opera: Fire Shut Up in ...,Concert/Perfor...,"$610,000 ","66,521"
The Matrix,Action,"$596,998 ","65,103"
Werewolves Within,Horror,"$575,783 ","62,789"
City of Lies,Drama,"$572,493 ","62,431"
Anita,Drama,"$535,596 ","58,407"
The Truffle Hunters,Documentary,"$521,202 ","56,837"
Ghostbusters,Comedy,"$504,855 ","55,055"
Courageous,Drama,"$495,002 ","53,980"
For the Love of Money,Drama,"$480,774 ","52,429"
National Champions,Drama,"$475,488 ","51,852"
Jathi Ratnalu,Comedy,"$460,000 ","50,163"
Tenet,Action,"$459,940 ","50,157"
Top Gun,Action,"$457,577 ","49,899"
The Lost Leonardo,Documentary,"$445,740 ","48,608"
2021 Oscar Shorts,Multiple Genres,"$443,050 ","48,315"
Flag Day,Drama,"$424,667 ","46,310"
Willy's Wonderland,Horror,"$418,286 ","45,614"
Crisis,Thriller/Suspense,"$409,363 ","44,641"
Julia,Documentary,"$390,565 ","42,591"
Raging Fire,Action,"$385,305 ","42,017"
Ghost in the Shell,Action,"$373,169 ","40,694"
The Dry,Thriller/Suspense,"$364,397 ","39,737"
The Water Man,Drama,"$354,087 ","38,613"
Bo Gia,Comedy,"$350,000 ","38,167"
World War Z,Action,"$347,000 ","37,840"
Escape From Mogadishu,Action,"$342,598 ","37,360"
Benedetta,Drama,"$336,050 ","36,646"
The Emperor's New Groove,Adventure,"$334,000 ","36,423"
The Battle at Lake Changjin,Action,"$333,214 ","36,337"
Freaky,Horror,"$328,795 ","35,856"
Drive My Car,Drama,"$328,721 ","35,847"
Dutch,Thriller/Suspense,"$323,167 ","35,241"
Final Account,Documentary,"$308,976 ","33,694"
New Order,Thriller/Suspense,"$304,167 ","33,169"
India Sweets and Spices,Comedy,"$288,714 ","31,484"
Blithe Spirit,Comedy,"$282,499 ","30,806"
American Skin,Drama,"$282,332 ","30,788"
I'm Your Man,Comedy,"$275,158 ","30,006"
A Mouthful of Air,Drama,"$269,435 ","29,382"
Rita Moreno: Just a Girl Wh...,Documentary,"$264,626 ","28,857"
Délicieux,Comedy,"$259,610 ","28,310"
Weathering With You,Drama,"$257,933 ","28,127"
Once I Was Engaged,Comedy,"$254,775 ","27,783"
Murder in the Woods,Horror,"$241,906 ","26,380"
Supernova,Drama,"$234,220 ","25,541"
Becoming Cousteau,Documentary,"$232,285 ","25,330"
Half Brothers,Comedy,"$225,830 ","24,627"
Limbo,Drama,"$224,405 ","24,472"
Doctor,Action,"$220,000 ","23,991"
Promare,Adventure,"$215,318 ","23,480"
Together,Comedy,"$214,390 ","23,379"
La piscine,Drama,"$211,467 ","23,060"
Ailey,Documentary,"$204,512 ","22,302"
Groundhog Day,Romantic Comedy,"$200,989 ","21,918"
The Resort,Horror,"$191,996 ","20,937"
Earwig and the Witch,Adventure,"$173,704 ","18,942"
Beans,Drama,"$171,208 ","18,670"
I Carry You With Me,Drama,"$166,403 ","18,146"
Shiva Baby,Comedy,"$159,294 ","17,371"
Heaven,Drama,"$148,091 ","16,149"
Wolf,Drama,"$147,595 ","16,095"
SAS: Red Notice,Action,"$146,329 ","15,957"
Bergman Island,Drama,"$145,191 ","15,833"
Mass,Drama,"$145,175 ","15,831"
The Reckoning,Horror,"$143,532 ","15,652"
Held,Horror,"$142,817 ","15,574"
No Man's Land,Western,"$139,221 ","15,182"
Six Minutes to Midnight,Thriller/Suspense,"$132,500 ","14,449"
Tadap,Action,"$130,934 ","14,278"
Gaia,Horror,"$126,126 ","13,754"
Swan Song,Drama,"$126,110 ","13,752"
The Djinn,Horror,"$124,649 ","13,593"
Walking with Herb,Comedy,"$120,226 ","13,110"
Parallel Mothers,Drama,"$119,728 ","13,056"
Shadow in the Cloud,Action,"$117,815 ","12,847"
Gunda,Documentary,"$113,591 ","12,387"
The World to Come,Drama,"$113,079 ","12,331"
The Paper Tigers,Action,"$112,691 ","12,289"
Small Engine Repair,Drama,"$110,995 ","12,104"
Lupin III: The First,Adventure,"$109,356 ","11,925"
The Loneliest Whale: The Se...,Documentary,"$107,799 ","11,755"
Tango Shalom,Comedy,"$102,651 ","11,194"
The Misfits,Thriller/Suspense,"$100,671 ","10,978"
The Souvenir Part II,Drama,"$98,929 ","10,788"
Safer at Home,Thriller/Suspense,"$95,643 ","10,429"
Psycho Goreman,Horror,"$95,100 ","10,370"
Censor,Horror,"$90,050 ","9,820"
Mission Stories,Drama,"$87,059 ","9,493"
On Broadway,Documentary,"$82,733 ","9,022"
Abominable,Adventure,"$82,125 ","8,955"
Children of the Sea,Adventure,"$81,237 ","8,858"
Undine,Drama,"$79,174 ","8,634"
Riders of Justice,Comedy,"$77,115 ","8,409"
In Balanchine's Classroom,Documentary,"$76,650 ","8,358"
Language Lessons,Drama,"$73,257 ","7,988"
CatVideoFest 2021,Documentary,"$73,015 ","7,962"
The Killing of Two Lovers,Drama,"$72,110 ","7,863"
Summertime,Drama,"$72,012 ","7,852"
Summer of 85,Drama,"$71,788 ","7,828"
Demonic,Horror,"$71,334 ","7,779"
Hard Luck Love Song,Drama,"$69,496 ","7,578"
Wife of a Spy,Thriller/Suspense,"$69,464 ","7,575"
Remember the Titans,Drama,"$65,000 ","7,088"
Silo,Drama,"$62,873 ","6,856"
The First Wave,Documentary,"$62,376 ","6,802"
Come True,Horror,"$62,080 ","6,769"
Lansky,Thriller/Suspense,"$61,030 ","6,655"
Kurt Vonnegut: Unstuck in Time,Documentary,"$60,389 ","6,585"
Alien,Horror,"$60,000 ","6,543"
Bad Luck Banging or Loony Porn,Comedy,"$57,766 ","6,299"
Flee,Documentary,"$56,267 ","6,135"
Without Getting Killed or C...,Documentary,"$55,333 ","6,034"
Son,Horror,"$55,068 ","6,005"
Christmas Vs The Walters,Comedy,"$54,827 ","5,978"
My Salinger Year,Drama,"$54,730 ","5,968"
Truman & Tennessee: An Inti...,Documentary,"$54,149 ","5,905"
The Nowhere Inn,Comedy,"$54,094 ","5,899"
Azor,Drama,"$53,932 ","5,881"
Ema,Drama,"$53,437 ","5,827"
Always & Forever,Thriller/Suspense,"$53,302 ","5,812"
Dara Of Jasenovac,Drama,"$52,786 ","5,756"
My Zoe,Thriller/Suspense,"$52,733 ","5,750"
About Endlessness,Drama,"$51,386 ","5,603"
The Vigil,Horror,"$50,439 ","5,500"
Last Call,Comedy,"$48,144 ","5,250"
Who You Think I Am,Drama,"$45,265 ","4,936"
MLK/FBI,Documentary,"$45,200 ","4,929"
Some Kind of Heaven,Documentary,"$45,068 ","4,914"
Death Rider in the House of...,Horror,"$44,736 ","4,878"
Another Round,Drama,"$43,267 ","4,718"
Old Henry,Western,"$42,068 ","4,587"
Senior Moment,Comedy,"$41,598 ","4,536"
Little Fish,Drama,"$39,053 ","4,258"
"All Light, Everywhere",Documentary,"$37,266 ","4,063"
Heart of Champions,Romantic Comedy,"$37,000 ","4,034"
The Human Factor,Documentary,"$36,693 ","4,001"
Schemes in Antiques,Thriller/Suspense,"$36,501 ","3,980"
Jurassic World,Action,"$36,000 ","3,925"
Luzzu,Drama,"$35,952 ","3,920"
Falling for Figaro,Romantic Comedy,"$35,910 ","3,916"
Youngest Evangelist And The...,Drama,"$35,750 ","3,898"
Mainstream,Comedy,"$35,481 ","3,869"
Cryptozoo,Adventure,"$33,765 ","3,682"
Confetti,Drama,"$33,500 ","3,653"
Bloody Hell,Horror,"$33,170 ","3,617"
The God Committee,Thriller/Suspense,"$32,934 ","3,591"
Yakuza Princess,Thriller/Suspense,"$32,124 ","3,503"
Monday,Drama,"$30,932 ","3,373"
The Beta Test,Thriller/Suspense,"$30,520 ","3,328"
The Hidden Life of Trees,Documentary,"$30,239 ","3,297"
The Perfect Candidate,Drama,"$30,134 ","3,286"
Golden Voices,Romantic Comedy,"$29,945 ","3,265"
Trigger Point,Action,"$29,262 ","3,191"
Settlers,Western,"$29,183 ","3,182"
Mama Weed,Comedy,"$29,151 ","3,178"
France,Comedy,"$29,015 ","3,164"
Holler,Drama,"$28,706 ","3,130"
Prisoners of the Ghostland,Action,"$28,204 ","3,075"
"Ma Belle, My Beauty",Drama,"$27,744 ","3,025"
Jakob's Wife,Horror,"$27,588 ","3,008"
Our Ladies,Comedy,"$27,558 ","3,005"
The Scary of Sixty First,Horror,"$27,316 ","2,978"
The Night,Thriller/Suspense,"$26,136 ","2,850"
John and the Hole,Thriller/Suspense,"$25,386 ","2,768"
Moffie,Drama,"$24,520 ","2,673"
The Violent Heart,Thriller/Suspense,"$23,614 ","2,575"
The Ladykillers,Comedy,"$23,213 ","2,531"
Gully,Drama,"$22,517 ","2,455"
A Soldier's Story 2: Return...,Action,"$21,543 ","2,349"
Dating & New York,Romantic Comedy,"$21,515 ","2,346"
What do we See When we Look...,Drama,"$21,443 ","2,338"
Nights of Cabiria,Drama,"$21,148 ","2,306"
The Novice,Thriller/Suspense,"$20,520 ","2,237"
Archenemy,Action,"$20,282 ","2,211"
Harper,Drama,"$20,268 ","2,210"
Mandibles,Comedy,"$19,913 ","2,171"
Delete History,Comedy,"$19,390 ","2,114"
Halloween,Horror,"$19,000 ","2,071"
Mystery of the Kingdom of God,Adventure,"$17,316 ","1,888"
How It Ends,Comedy,"$16,104 ","1,756"
Never Gonna Snow Again,Comedy,"$16,049 ","1,750"
First Date,Comedy,"$15,974 ","1,741"
Equal Standard,Action,"$15,938 ","1,738"
The Laws Of The Universe - ...,Adventure,"$15,750 ","1,717"
Even in Dreams,Drama,"$15,671 ","1,708"
No Ordinary Man,Documentary,"$15,508 ","1,691"
Counter Column,Drama,"$15,269 ","1,665"
Best Sellers,Comedy,"$15,243 ","1,662"
We Broke Up,Romantic Comedy,"$15,063 ","1,642"
All My Life,Drama,"$14,350 ","1,565"
Writing With Fire,Documentary,"$14,150 ","1,543"
Death of a Ladies' Man,Drama,"$14,032 ","1,530"
American Traitor: The Trial...,Drama,"$14,000 ","1,526"
Secret Agent Dingledorf and...,Comedy,"$13,760 ","1,500"
Hive,Drama,"$13,755 ","1,500"
We Need to Do Something,Horror,"$13,589 ","1,481"
Bring Your Own Brigade,Documentary,"$13,375 ","1,459"
Stray,Documentary,"$13,325 ","1,453"
Storm Lake,Documentary,"$13,028 ","1,420"
Lydia Lunch: The War is Nev...,Documentary,"$12,948 ","1,411"
The Meaning of Hitler,Documentary,"$12,804 ","1,396"
Lorelei,Drama,"$12,642 ","1,378"
State Funeral,Documentary,"$12,424 ","1,354"
The Year of the Everlasting...,Multiple Genres,"$12,245 ","1,335"
Sweat,Drama,"$11,546 ","1,259"
Hunter Hunter,Horror,"$11,409 ","1,244"
The Aerialist,Drama,"$11,010 ","1,200"
Sabaya,Documentary,"$10,450 ","1,139"
The Incredible 25th Year of...,Comedy,"$10,368 ","1,130"
Let Him Go,Thriller/Suspense,"$10,085 ","1,100"
Petite fille,Documentary,"$10,047 ","1,095"
"Casanova, Last Love",Drama,"$9,927 ","1,082"
Can You Bring It: Bill T. J...,Documentary,"$9,723 ","1,060"
Zombie Bro,Comedy,"$9,693 ","1,057"
All the Streets are Silent:...,Documentary,"$9,500 ","1,035"
Average Joe,Action,"$9,176 ","1,000"
Only the Animals,Drama,"$9,138 ",996
The Velvet Queen,Documentary,"$8,684 ",947
Enemies of the State,Documentary,"$8,495 ",926
The Feast,Horror,"$8,316 ",906
There Is No Evil,Drama,"$8,063 ",879
White as Snow,Comedy,"$7,881 ",859
Waiting for Rain,Drama,"$7,334 ",800
El Planeta,Comedy,"$7,181 ",783
Final Frequency,Thriller/Suspense,"$7,098 ",774
The Boonies,Horror,"$6,887 ",751
The Sleeping Negro,Drama,"$6,450 ",703
Ghost Master,Horror,"$6,136 ",669
Angelique's Isle,Thriller/Suspense,"$6,055 ",660
Dark State,Thriller/Suspense,"$5,824 ",635
Here After,Comedy,"$5,612 ",611
Tomato Red: Blood Money,Thriller/Suspense,"$5,504 ",600
Rock Paper Scissors,Comedy,"$5,497 ",599
Two of Us,Comedy,"$5,495 ",599
Blood Brothers,Thriller/Suspense,"$5,191 ",566
A Son,Drama,"$5,126 ",558
Victim of Love,Horror,"$5,016 ",547
The Dark and The Wicked,Horror,"$4,991 ",544
Things Don't Stay Fixed,Drama,"$4,905 ",534
Evergreen,Drama,"$4,830 ",526
Scales,Drama,"$4,617 ",503
Bill Traylor: Chasing Ghosts,Documentary,"$4,504 ",491
Labyrinth of Cinema,Drama,"$4,501 ",490
Mayday,Drama,"$4,382 ",477
No Place,Action,"$4,194 ",457
Jockey,Drama,"$3,858 ",420
Marighella,Action,"$3,502 ",381
Naked Singularity,Drama,"$3,050 ",332
Project Space 13,Comedy,"$3,000 ",327
The Village Detective: A So...,Documentary,"$2,839 ",309
Below the Fold,Thriller/Suspense,"$2,600 ",283
The Shade Shepherd,Thriller/Suspense,"$2,293 ",250
A Glitch in the Matrix,Documentary,"$2,238 ",244
Escape From Auschwitz,Drama,"$2,201 ",240
Agnes,Drama,"$2,113 ",230
Crack House of the Dead,Horror,"$1,816 ",198
"Amigo Skate, Cuba",Documentary,"$1,787 ",194
Bang Bang,Drama,"$1,348 ",147
Skyfire,Action,"$1,105 ",120
Opération Portugal,Comedy,"$1,096 ",120
In the Life of Music,Drama,"$1,057 ",115
Slalom,Drama,"$1,052 ",114
The Evil Next Door,Horror,"$1,010 ",110
The Unthinkable,Action,$974 ,106
Elbow Grease,Comedy,$917 ,100
Killer Raccoons 2: Dark Chr...,Comedy,$900 ,98
The Forgotten Carols,Musical,$623 ,67
The Bra,Comedy,$572 ,62
Funhouse,Horror,$507 ,55
Descarrilados,Comedy,$462 ,50
The East,Drama,$180 ,19
First Signal,Drama,$130 ,14
Top Gun: Maverick,Action,"$716,657,763 ","78,152,427"
Doctor Strange in the Multi...,Action,"$411,331,607 ","44,856,227"
Jurassic World: Dominion,Action,"$376,009,080 ","41,004,261"
Black Panther: Wakanda Forever,Action,"$369,679,710 ","40,314,035"
Minions: The Rise of Gru,Comedy,"$369,500,210 ","40,294,461"
The Batman,Action,"$369,345,583 ","40,277,599"
Thor: Love and Thunder,Action,"$343,256,830 ","37,432,587"
Spider-Man: No Way Home,Action,"$241,123,638 ","26,294,835"
Sonic the Hedgehog 2,Adventure,"$190,872,904 ","20,814,929"
Black Adam,Action,"$163,206,725 ","17,797,898"
Elvis,Drama,"$151,040,048 ","16,471,106"
Uncharted,Adventure,"$148,648,820 ","16,210,340"
Nope,Horror,"$123,277,080 ","13,443,520"
Lightyear,Adventure,"$118,307,188 ","12,901,547"
Smile,Horror,"$105,497,888 ","11,504,676"
The Lost City,Adventure,"$105,344,029 ","11,487,898"
Bullet Train,Thriller/Suspense,"$103,259,633 ","11,260,592"
The Bad Guys,Comedy,"$97,233,630 ","10,603,449"
Fantastic Beasts: The Secre...,Adventure,"$95,850,844 ","10,452,654"
DC League of Super Pets,Adventure,"$93,656,409 ","10,213,348"
Where the Crawdads Sing,Drama,"$90,038,355 ","9,818,795"
The Black Phone,Horror,"$89,887,230 ","9,802,315"
Sing 2,Adventure,"$86,307,835 ","9,411,977"
Scream,Horror,"$81,641,405 ","8,903,097"
Morbius,Action,"$73,793,072 ","8,047,227"
Everything Everywhere All A...,Action,"$70,008,593 ","7,634,524"
The Woman King,Action,"$67,030,563 ","7,309,766"
Ticket to Paradise,Romantic Comedy,"$65,215,565 ","7,111,839"
Halloween Ends,Horror,"$64,079,860 ","6,987,989"
Dog,Comedy,"$61,778,069 ","6,736,975"
jackass forever,Reality,"$57,743,451 ","6,296,995"
Death on the Nile,Drama,"$45,630,104 ","4,976,020"
"Don't Worry, Darling",Thriller/Suspense,"$45,308,007 ","4,940,894"
"Lyle, Lyle, Crocodile",Musical,"$45,287,892 ","4,938,701"
Downton Abbey: A New Era,Drama,"$43,896,550 ","4,786,973"
Barbarian,Horror,"$40,842,944 ","4,453,974"
The Northman,Action,"$34,233,110 ","3,733,163"
Jujutsu Kaisen 0: The Movie,Action,"$33,919,605 ","3,698,975"
Dragon Ball Super: Super Hero,Action,"$32,132,374 ","3,504,075"
The Bob's Burgers Movie,Comedy,"$31,933,830 ","3,482,424"
Beast,Thriller/Suspense,"$31,846,530 ","3,472,904"
Carnal Knowledge,Drama,"$28,630,731 ","3,122,217"
The Invitation,Horror,"$25,100,080 ","2,737,195"
Avatar,Action,"$24,714,024 ","2,695,095"
Marry Me,Romantic Comedy,"$22,438,180 ","2,446,911"
Ambulance,Thriller/Suspense,"$22,309,115 ","2,432,836"
The King's Man,Action,"$20,917,649 ","2,281,095"
Father Stu,Drama,"$20,740,439 ","2,261,770"
The Unbearable Weight of Ma...,Action,"$20,300,157 ","2,213,757"
The Menu,Black Comedy,"$19,436,142 ","2,119,535"
Strange World,Adventure,"$19,287,724 ","2,103,350"
Prey for the Devil,Horror,"$19,134,696 ","2,086,662"
Moonfall,Action,"$19,060,660 ","2,078,588"
Paws of Fury: The Legend of...,Adventure,"$17,811,382 ","1,942,353"
Amsterdam,Comedy,"$14,947,969 ","1,630,094"
The 355,Thriller/Suspense,"$14,570,455 ","1,588,926"
American Underdog: The Kurt...,Drama,"$14,301,214 ","1,559,565"
"RRR: Rise, Roar, Revolt",Action,"$13,923,756 ","1,518,403"
Glass Onion: A Knives Out M...,Drama,"$13,300,000 ","1,450,381"
The Chosen Season 3: Episod...,Drama,"$13,034,172 ","1,421,392"
Easter Sunday,Comedy,"$13,013,690 ","1,419,159"
One Piece Film: Red,Action,"$12,768,073 ","1,392,374"
Jaws,Horror,"$12,257,035 ","1,336,645"
X,Horror,"$11,769,469 ","1,283,475"
Bros,Romantic Comedy,"$11,628,165 ","1,268,065"
Bodies Bodies Bodies,Horror,"$11,446,602 ","1,248,266"
Licorice Pizza,Drama,"$10,935,116 ","1,192,488"
Terrifier 2,Horror,"$10,636,305 ","1,159,902"
Mrs. Harris Goes to Paris,Drama,"$10,433,915 ","1,137,831"
West Side Story,Musical,"$10,361,074 ","1,129,888"
Devotion,Action,"$10,104,358 ","1,101,892"
Blacklight,Action,"$9,591,094 ","1,045,920"
Firestarter,Horror,"$9,589,250 ","1,045,719"
See How They Run,Comedy,"$9,586,237 ","1,045,391"
The Matrix Resurrections,Action,"$9,552,171 ","1,041,676"
Pearl,Horror,"$9,423,445 ","1,027,638"
Redeeming Love,Drama,"$9,214,020 ","1,004,800"
Till,Drama,"$8,758,984 ","955,178"
Three Thousand Years of Lon...,Drama,"$8,286,741 ","903,679"
The Banshees of Inisherin,Drama,"$7,904,578 ","862,004"
Brahmastra Part 1: Shiva,Adventure,"$7,839,108 ","854,864"
Men,Horror,"$7,587,853 ","827,464"
Memory,Action,"$7,329,043 ","799,241"
Fall,Thriller/Suspense,"$7,240,521 ","789,587"
Ghostbusters: Afterlife,Comedy,"$6,981,615 ","761,353"
BTS Permission to Dance on ...,Concert/Perfor...,"$6,840,000 ","745,910"
K.G.F: Chapter 2,Action,"$6,604,562 ","720,235"
Marcel the Shell with Shoes On,Comedy,"$6,333,703 ","690,698"
Encanto,Adventure,"$5,465,293 ","595,997"
Orphan: First Kill,Horror,"$5,413,227 ","590,319"
Tucker: The Man and His Dream,Drama,"$5,253,342 ","572,883"
T√ÅR,Drama,"$5,126,583 ","559,060"
Lifemark,Drama,"$5,007,861 ","546,113"
Ponniyin Selvan: Part One,Action,"$4,918,000 ","536,314"
House of Gucci,Drama,"$4,786,047 ","521,924"
Mississippi Masala,Drama,"$4,745,453 ","517,497"
The Cursed,Horror,"$4,588,389 ","500,369"
She Said,Drama,"$4,470,795 ","487,545"
ET: The Extra-Terrestrial,Drama,"$4,301,665 ","469,101"
Vengeance,Black Comedy,"$4,225,720 ","460,820"
Moonage Daydream,Documentary,"$4,218,925 ","460,079"
Clerks III,Comedy,"$4,103,555 ","447,497"
Bones and All,Thriller/Suspense,"$4,020,403 ","438,429"
Belle,Adventure,"$4,018,313 ","438,202"
Triangle of Sadness,Black Comedy,"$4,001,062 ","436,320"
Family Camp,Comedy,"$3,973,263 ","433,289"
Cyrano,Musical,"$3,873,124 ","422,369"
Nightmare Alley,Thriller/Suspense,"$3,757,964 ","409,810"
The Fabelmans,Drama,"$3,638,346 ","396,766"
Laal Singh Chaddha,Drama,"$3,401,324 ","370,918"
The Outfit,Drama,"$3,344,040 ","364,671"
The Worst Person in the World,Comedy,"$3,034,775 ","330,946"
Breaking,Thriller/Suspense,"$2,806,359 ","306,036"
Honk for Jesus. Save Your S...,Comedy,"$2,561,270 ","279,309"
Mack & Rita,Comedy,"$2,535,459 ","276,494"
Studio 666,Horror,"$2,513,963 ","274,150"
A Journal for Jordan,Drama,"$2,494,113 ","271,986"
Crimes of the Future,Horror,"$2,452,882 ","267,489"
Belfast,Drama,"$2,364,945 ","257,900"
Gigi & Nate,Drama,"$2,280,814 ","248,725"
The Good House,Comedy,"$2,219,760 ","242,067"
Parallel Mothers,Drama,"$2,177,773 ","237,488"
Emily the Criminal,Thriller/Suspense,"$2,156,296 ","235,146"
The Wolf and the Lion,Adventure,"$2,072,173 ","225,973"
Umma,Horror,"$2,071,495 ","225,899"
Jeepers Creepers: Reborn,Horror,"$2,033,057 ","221,707"
Drive My Car,Drama,"$2,023,519 ","220,667"
Watcher,Thriller/Suspense,"$1,961,207 ","213,872"
Mr. Malcolm's List,Romantic Comedy,"$1,885,720 ","205,640"
Decision to Leave,Drama,"$1,872,361 ","204,183"
Armageddon Time,Drama,"$1,860,050 ","202,840"
2022 Oscar Shorts,Multiple Genres,"$1,801,646 ","196,471"
Radhe Shyam,Drama,"$1,800,000 ","196,292"
The King's Daughter,Adventure,"$1,747,263 ","190,541"
Infinite Storm,Drama,"$1,600,542 ","174,541"
Jugjugg Jeeyo,Comedy,"$1,540,000 ","167,938"
The Duke,Comedy,"$1,526,970 ","166,517"
Running The Bases,Drama,"$1,511,980 ","164,883"
Y Como Es El,Comedy,"$1,500,636 ","163,646"
The Kashmir Files,Thriller/Suspense,"$1,485,000 ","161,941"
2000 Mules,Documentary,"$1,465,512 ","159,815"
The Servant,Drama,"$1,417,550 ","154,585"
The Godfather,Drama,"$1,414,662 ","154,270"
Acharya,Action,"$1,412,000 ","153,980"
Medieval,Action,"$1,374,325 ","149,871"
Rogue One: A Star Wars Story,Adventure,"$1,362,667 ","148,600"
Dune,Action,"$1,151,687 ","125,592"
Fire of Love,Documentary,"$1,064,080 ","116,039"
"Hallelujah: Leonard Cohen, ...",Documentary,"$1,062,603 ","115,878"
Drishyam 2,Drama,"$1,050,000 ","114,503"
The Contractor,Thriller/Suspense,"$1,035,265 ","112,896"
After Ever Happy,Drama,"$989,088 ","107,861"
The Beatles Get Back: The R...,Concert/Perfor...,"$976,712 ","106,511"
Venom: Let There be Carnage,Action,"$941,330 ","102,653"
Twenty One Pilots: Cinema E...,Concert/Perfor...,"$875,000 ","95,419"
Hansan: Rising Dragon,Action,"$865,888 ","94,426"
The Tiger Rising,Drama,"$835,162 ","91,075"
Petite maman,Drama,"$829,065 ","90,410"
Aftersun,Drama,"$790,994 ","86,258"
The Phantom of the Open,Comedy,"$748,695 ","81,646"
Aline,Drama,"$667,815 ","72,826"
Ante Sundaraniki,Comedy,"$621,000 ","67,720"
The Roundup,Action,"$613,026 ","66,851"
Official Competition,Comedy,"$593,926 ","64,768"
Cuando Sea Joven,Comedy,"$588,028 ","64,125"
Runway 34,Thriller/Suspense,"$549,624 ","59,937"
"Confess, Fletch",Comedy,"$538,842 ","58,761"
The Legend of Maula Jatt,Action,"$525,000 ","57,251"
Call Jane,Drama,"$512,770 ","55,918"
God's Country,Drama,"$493,679 ","53,836"
Deep in the Heart: A Texas ...,Documentary,"$480,240 ","52,370"
The Railway Children,Adventure,"$457,433 ","49,883"
Brian and Charles,Comedy,"$430,635 ","46,961"
Beast,Action,"$430,000 ","46,892"
Emergency Declaration,Thriller/Suspense,"$412,196 ","44,950"
Facing Nolan,Documentary,"$405,797 ","44,252"
Superspreader,Documentary,"$399,370 ","43,551"
King Richard,Drama,"$399,007 ","43,512"
Yashoda,Thriller/Suspense,"$395,000 ","43,075"
Tyson's Run,Drama,"$391,167 ","42,657"
Alice,Thriller/Suspense,"$373,037 ","40,680"
Selena,Drama,"$360,000 ","39,258"
Inu-Oh,Musical,"$351,558 ","38,337"
The Forgiven,Drama,"$340,222 ","37,101"
Godzilla Against MechaGodzilla,Action,"$335,000 ","36,532"
Red Rocket,Drama,"$330,406 ","36,031"
Mad God,Horror,"$325,042 ","35,446"
Clean,Thriller/Suspense,"$318,877 ","34,773"
Waterman,Documentary,"$316,848 ","34,552"
Meet Me in the Bathroom,Documentary,"$307,000 ","33,478"
The Deer King,Adventure,"$296,210 ","32,302"
Montana Story,Drama,"$292,916 ","31,942"
Flee,Documentary,"$283,487 ","30,914"
A Love Song,Drama,"$278,889 ","30,413"
Mothering Sunday,Drama,"$275,352 ","30,027"
Kaathu Vaakula Rendu Kadhal,Romantic Comedy,"$270,000 ","29,443"
Gone in the Night,Thriller/Suspense,"$266,466 ","29,058"
You Won't Be Alone,Horror,"$264,055 ","28,795"
Paul's Promise,Drama,"$258,545 ","28,194"
The Automat,Documentary,"$257,371 ","28,066"
On the Come Up,Drama,"$236,153 ","25,752"
Who We Are: A Chronicle of ...,Documentary,"$234,298 ","25,550"
Sundown,Thriller/Suspense,"$229,921 ","25,073"
CatVideoFest 2022,Documentary,"$217,330 ","23,700"
Love in Kilnerry,Romantic Comedy,"$213,101 ","23,238"
Compartment No. 6,Drama,"$205,601 ","22,421"
The Silent Twins,Drama,"$205,135 ","22,370"
Benediction,Drama,"$201,093 ","21,929"
Both Sides of the Blade,Drama,"$201,047 ","21,924"
Neptune Frost,Musical,"$193,875 ","21,142"
Inland Empire,Drama,"$186,470 ","20,334"
Too Cool to Kill,Comedy,"$185,882 ","20,270"
Dual,Thriller/Suspense,"$185,212 ","20,197"
Hatching,Horror,"$182,925 ","19,948"
Happening,Drama,"$181,023 ","19,740"
UFC 273: Volkanovski vs. Th...,Concert/Perfor...,"$180,000 ","19,629"
Jazz Fest: A New Orleans Story,Documentary,"$179,005 ","19,520"
Eternals,Action,"$175,832 ","19,174"
The Inspection,Drama,"$173,793 ","18,952"
Alienoid,Action,"$168,309 ","18,354"
Virata Parvam,Thriller/Suspense,"$165,000 ","17,993"
Vortex,Drama,"$160,892 ","17,545"
Resurrection,Thriller/Suspense,"$160,866 ","17,542"
The Conversation,Thriller/Suspense,"$154,909 ","16,893"
Hockeyland,Documentary,"$151,292 ","16,498"
Hit the Road,Drama,"$151,018 ","16,468"
"My Donkey, My Lover & I",Comedy,"$149,621 ","16,316"
The French Dispatch,Comedy,"$147,605 ","16,096"
Firebird,Drama,"$144,118 ","15,716"
The Witch 2: The Other One,Horror,"$143,723 ","15,673"
UFC 281: Adesanya vs. Pereia,Concert/Perfor...,"$138,000 ","15,049"
Holy Spider,Drama,"$136,960 ","14,935"
The Killer,Action,"$134,716 ","14,690"
Gabby Giffords Won't Back D...,Documentary,"$134,098 ","14,623"
Lost Illusions,Drama,"$126,391 ","13,783"
Gamestop: Rise of the Players,Documentary,"$126,297 ","13,772"
Diva,Thriller/Suspense,"$122,715 ","13,382"
The Storied Life of A.J. Fikry,Romantic Comedy,"$121,000 ","13,195"
A Silent Voice,Drama,"$120,332 ","13,122"
Pompo: The Cinéphile,Comedy,"$120,119 ","13,099"
The Rose Maker,Comedy,"$119,160 ","12,994"
No Time to Die,Action,"$119,000 ","12,977"
Heropanti 2,Action,"$115,000 ","12,540"
Green Ghost & The Masters O...,Action,"$113,687 ","12,397"
Pleasure,Drama,"$106,789 ","11,645"
Jockey,Drama,"$104,820 ","11,430"
My Old School,Documentary,"$103,966 ","11,337"
I Love My Dad,Comedy,"$101,508 ","11,069"
We're All Going to the Worl...,Horror,"$101,178 ","11,033"
Gold,Thriller/Suspense,"$100,197 ","10,926"
The Velvet Queen,Documentary,"$99,045 ","10,800"
Abandoned,Horror,"$96,761 ","10,551"
Strawberry Mansion,Comedy,"$96,756 ","10,551"
The Return Of Tanya Tucker:...,Documentary,"$91,538 ","9,982"
Three Minutes - A Lengthening,Documentary,"$90,144 ","9,830"
"Goodbye, Don Glees!",Adventure,"$86,610 ","9,444"
UnFavorable Odds,Romantic Comedy,"$86,203 ","9,400"
All My Puny Sorrows,Drama,"$84,735 ","9,240"
All My Friends Hate Me,Comedy,"$80,405 ","8,768"
Butter,Drama,"$78,450 ","8,555"
Hold Me Tight,Drama,"$74,723 ","8,148"
"Paris, 13th District",Drama,"$73,118 ","7,973"
The Discreet Charm of the B...,Comedy,"$72,632 ","7,920"
Great Freedom,Drama,"$71,946 ","7,845"
The Territory,Documentary,"$69,316 ","7,558"
Maika: The Girl From Anothe...,Adventure,"$69,257 ","7,552"
Sharp Stick,Comedy,"$68,598 ","7,480"
Tad the Lost Explorer and t...,Adventure,"$67,599 ","7,371"
Freakscene - The Story of D...,Documentary,"$66,038 ","7,201"
Apocalypse Now,Action,"$64,349 ","7,017"
Le temps des secrets,Drama,"$64,248 ","7,006"
Summering,Drama,"$57,770 ","6,299"
Murina,Drama,"$55,762 ","6,080"
See For Me,Thriller/Suspense,"$55,191 ","6,018"
On the Count of Three,Drama,"$54,515 ","5,944"
Ahed's Knee,Drama,"$52,702 ","5,747"
Memoria,Drama,"$52,656 ","5,742"
Piggy,Horror,"$50,966 ","5,557"
Free Chol Soo Lee,Documentary,"$50,083 ","5,461"
Vesper,Adventure,"$49,493 ","5,397"
EO,Drama,"$49,419 ","5,389"
Cat Daddies,Documentary,"$48,595 ","5,299"
Poly Styrene: I Am a Cliché,Documentary,"$48,544 ","5,293"
Lux Aeterna,Thriller/Suspense,"$47,039 ","5,129"
Give Me Five,Comedy,"$47,033 ","5,129"
After Yang,Drama,"$46,872 ","5,111"
Loving Highsmith,Multiple Genres,"$46,172 ","5,035"
You Are Not My Mother,Horror,"$45,040 ","4,911"
1982,Drama,"$43,829 ","4,779"
Take Me to the River: New O...,Documentary,"$43,563 ","4,750"
All That Breathes,Documentary,"$43,467 ","4,740"
Ali and Ava,Drama,"$43,358 ","4,728"
Punch 9 for Harold Washington,Documentary,"$43,170 ","4,707"
Anais in Love,Comedy,"$42,941 ","4,682"
Poser,Drama,"$42,179 ","4,599"
A Chiara,Drama,"$41,925 ","4,571"
Jane by Charlotte,Documentary,"$41,080 ","4,479"
"Riotsville, U.S.A.",Documentary,"$40,960 ","4,466"
Remembering Heaven,Documentary,"$40,907 ","4,460"
Utama,Drama,"$38,863 ","4,238"
All The Beauty And The Bloo...,Documentary,"$38,182 ","4,163"
Salvatore: Shoemaker of Dreams,Documentary,"$36,449 ","3,974"
Anonymous Club,Documentary,"$35,481 ","3,869"
Ted K,Drama,"$35,464 ","3,867"
Catch the Fair One,Thriller/Suspense,"$34,541 ","3,766"
Private Desert,Drama,"$32,681 ","3,563"
Casablanca Beats,Drama,"$32,577 ","3,552"
The Sound of Violet,Drama,"$32,294 ","3,521"
Sparks: The Ken Sparks Story,Documentary,"$30,801 ","3,358"
Buried: The 1982 Alpine Mea...,Documentary,"$30,310 ","3,305"
Nikamma,Action,"$30,190 ","3,292"
Fortune Favors Lady Nikuko,Adventure,"$29,823 ","3,252"
The African Desperate,Comedy,"$29,763 ","3,245"
Bitterbrush,Documentary,"$28,099 ","3,064"
"Lingui, The Sacred Bonds",Drama,"$27,553 ","3,004"
The Innocents,Horror,"$25,705 ","2,803"
Fabian: Going to the Dogs,Drama,"$24,971 ","2,723"
Young Plato,Documentary,"$24,376 ","2,658"
Wolf Pack,Action,"$23,617 ","2,575"
Brainwashed: Sex-Camera-Power,Documentary,"$22,978 ","2,505"
Dreaming Walls: Inside the ...,Documentary,"$22,534 ","2,457"
Cow,Documentary,"$22,504 ","2,454"
The Divine Protector - Mast...,Adventure,"$22,321 ","2,434"
Brighton 4th,Comedy,"$22,313 ","2,433"
Please Baby Please,Musical,"$22,280 ","2,429"
Good Mourning,Comedy,"$21,348 ","2,328"
Mr. Klein,Drama,"$20,741 ","2,261"
Project Wolf Hunting,Thriller/Suspense,"$20,541 ","2,240"
Unplugging,Comedy,"$20,500 ","2,235"
France,Comedy,"$20,336 ","2,217"
C'mon C'mon,Drama,"$19,896 ","2,169"
Life & Life,Documentary,"$19,678 ","2,145"
The Runner,Drama,"$19,458 ","2,121"
Sirens,Documentary,"$19,262 ","2,100"
Flux Gourmet,Horror,"$19,222 ","2,096"
The Cherry Bushido,Adventure,"$19,100 ","2,082"
"Costa Brava, Lebanon",Drama,"$18,712 ","2,040"
Charlotte,Drama,"$18,520 ","2,019"
Benedetta,Drama,"$18,431 ","2,009"
Lost Highway,Thriller/Suspense,"$18,028 ","1,965"
The Scary of Sixty First,Horror,"$17,689 ","1,929"
Bad Axe,Documentary,"$16,689 ","1,819"
Beba,Documentary,"$16,254 ","1,772"
Slash/Back,Thriller/Suspense,"$16,247 ","1,771"
Rite of the Shaman,Drama,"$16,221 ","1,768"
Huda's Salon,Thriller/Suspense,"$16,128 ","1,758"
Claydream,Documentary,"$16,093 ","1,754"
Wildhood,Drama,"$15,998 ","1,744"
She Will,Thriller/Suspense,"$15,011 ","1,636"
Bad Luck Banging or Loony Porn,Comedy,"$14,576 ","1,589"
You Resemble Me,Drama,"$14,395 ","1,569"
¬°Viva Maestro!,Documentary,"$14,310 ","1,560"
Writing With Fire,Documentary,"$14,112 ","1,538"
The Tale of King Crab,Drama,"$12,896 ","1,406"
Olga,Drama,"$12,494 ","1,362"
The Wobblies,Documentary,"$12,232 ","1,333"
Shortbus,Comedy,"$12,205 ","1,330"
Clara Sola,Drama,"$12,076 ","1,316"
Fire in the Mountains,Drama,"$12,038 ","1,312"
Laleh Drive,Action,"$11,920 ","1,299"
Pretty Problems,Comedy,"$11,400 ","1,243"
Medusa,Thriller/Suspense,"$11,315 ","1,233"
Last Flight Home,Documentary,"$10,984 ","1,197"
Barbarians,Thriller/Suspense,"$10,742 ","1,171"
Distant,Drama,"$10,580 ","1,153"
Only in Theaters,Documentary,"$9,972 ","1,087"
Alma's Rainbow,Comedy,"$9,577 ","1,044"
Stunt Rock,Action,"$9,530 ","1,039"
The Torch,Documentary,"$9,459 ","1,031"
Learn to Swim,Drama,"$9,294 ","1,013"
Julia,Documentary,"$9,246 ","1,008"
In Front of Your Face,Drama,"$9,150 ",997
About Fate,Romantic Comedy,"$8,688 ",947
Burial,Thriller/Suspense,"$8,566 ",934
Hold Your Fire,Documentary,"$7,502 ",818
Mau,Documentary,"$7,500 ",817
Alter Ego,Thriller/Suspense,"$7,390 ",805
There There,Drama,"$7,147 ",779
Gossamer Folds,Drama,"$7,113 ",775
I've Heard the Mermaids Sin...,Comedy,"$6,840 ",745
Kamikaze Hearts,Drama,"$6,669 ",727
The Story of Film: A New Ge...,Documentary,"$6,363 ",693
Fiddler's Journey to the Bi...,Documentary,"$6,318 ",688
When Men Were Men,Drama,"$6,125 ",667
"Hello, Bookstore",Documentary,"$6,000 ",654
Italian Studies,Drama,"$5,895 ",642
A Taste of Hunger,Drama,"$5,860 ",639
A Banquet,Thriller/Suspense,"$5,238 ",571
Saloum,Thriller/Suspense,"$5,078 ",553
A Couple,Drama,"$5,000 ",545
Mondocane,Thriller/Suspense,"$4,927 ",537
Next Exit,Comedy,"$4,742 ",517
The Gravedigger,Horror,"$4,726 ",515
A Man of Integrity,Drama,"$4,499 ",490
a-ha: The Movie,Documentary,"$4,258 ",464
Luzzu,Drama,"$3,996 ",435
Carmen,Drama,"$3,927 ",428
The Novice,Thriller/Suspense,"$3,802 ",414
Adventures in Success,Comedy,"$3,695 ",402
Going All the Way,Drama,"$3,648 ",397
Into the Weeds,Documentary,"$3,410 ",371
Carp-e Diem,Comedy,"$3,364 ",366
Bar Fight!,Comedy,"$3,300 ",359
Leonor Will Never Die,Comedy,"$3,213 ",350
Bloom Up: A Swinger Couple ...,Documentary,"$3,107 ",338
Highway One,Drama,"$3,063 ",334
The Modern Way,Drama,"$3,059 ",333
Apples,Comedy,"$2,934 ",319
Ultrasound,Thriller/Suspense,"$2,908 ",317
The Sleeping Negro,Drama,"$2,830 ",308
Golden Voices,Romantic Comedy,"$2,305 ",251
Stanleyville,Comedy,"$2,137 ",233
Kill Devil Hills,Horror,"$2,022 ",220
B'Twixt Now and Sunrise,Horror,"$1,996 ",217
Rubikon,Thriller/Suspense,"$1,843 ",200
Losing Ground,Drama,"$1,486 ",162
Sensational Short Films,Multiple Genres,"$1,272 ",138
Petite fille,Documentary,"$1,122 ",122
Veneciafrenia,Adventure,"$1,006 ",109
Sniper: The White Raven,Drama,$881 ,96
Terror on the Prairie,Western,$804 ,87
Found Wandering Lost,Drama,$570 ,62
The Burning Sea,Action,$493 ,53
Indemnity,Action,$347 ,37